/*
 Navicat MySQL Data Transfer

 Source Server         : 本地服务器88
 Source Server Type    : MySQL
 Source Server Version : 80030 (8.0.30)
 Source Host           : localhost:3306
 Source Schema         : hyperf3

 Target Server Type    : MySQL
 Target Server Version : 80030 (8.0.30)
 File Encoding         : 65001

 Date: 06/06/2023 15:54:39
*/

SET NAMES utf8mb4;
SET FOREIGN_KEY_CHECKS = 0;

-- ----------------------------
-- Table structure for hy_bargain_activity
-- ----------------------------
DROP TABLE IF EXISTS `hy_bargain_activity`;
CREATE TABLE `hy_bargain_activity`  (
  `id` bigint UNSIGNED NOT NULL AUTO_INCREMENT COMMENT '主键ID',
  `name` varchar(100) CHARACTER SET utf8mb4 COLLATE utf8mb4_0900_ai_ci NOT NULL COMMENT '活动名称',
  `product_id` bigint UNSIGNED NOT NULL COMMENT '商品ID',
  `start_time` datetime NOT NULL COMMENT '开始时间',
  `end_time` datetime NOT NULL COMMENT '结束时间',
  `min_price` decimal(10, 2) NOT NULL COMMENT '最低价',
  `max_cut` int NOT NULL COMMENT '最大砍价次数',
  `status` tinyint NOT NULL DEFAULT 0 COMMENT '状态，0：未开始，1：进行中，2：已结束',
  `create_time` int NOT NULL DEFAULT 0 COMMENT '创建时间',
  `update_time` int NOT NULL DEFAULT 0 COMMENT '修改时间',
  `delete_time` int NULL DEFAULT NULL COMMENT '删除时间',
  PRIMARY KEY (`id`) USING BTREE
) ENGINE = InnoDB AUTO_INCREMENT = 1 CHARACTER SET = utf8mb4 COLLATE = utf8mb4_0900_ai_ci COMMENT = '砍价活动表' ROW_FORMAT = Dynamic;

-- ----------------------------
-- Records of hy_bargain_activity
-- ----------------------------

-- ----------------------------
-- Table structure for hy_bargain_record
-- ----------------------------
DROP TABLE IF EXISTS `hy_bargain_record`;
CREATE TABLE `hy_bargain_record`  (
  `id` bigint UNSIGNED NOT NULL AUTO_INCREMENT COMMENT '主键ID',
  `activity_id` bigint UNSIGNED NOT NULL COMMENT '砍价活动ID',
  `user_id` bigint UNSIGNED NOT NULL COMMENT '用户ID',
  `current_price` decimal(10, 2) NOT NULL COMMENT '当前价格',
  `cut_times` int NOT NULL COMMENT '已砍次数',
  `create_time` int NOT NULL DEFAULT 0 COMMENT '创建时间',
  `update_time` int NOT NULL DEFAULT 0 COMMENT '更新时间',
  `delete_time` int NULL DEFAULT NULL,
  PRIMARY KEY (`id`) USING BTREE,
  UNIQUE INDEX `uniq_activity_user`(`activity_id` ASC, `user_id` ASC) USING BTREE
) ENGINE = InnoDB AUTO_INCREMENT = 1 CHARACTER SET = utf8mb4 COLLATE = utf8mb4_0900_ai_ci COMMENT = '砍价记录表' ROW_FORMAT = Dynamic;

-- ----------------------------
-- Records of hy_bargain_record
-- ----------------------------

-- ----------------------------
-- Table structure for hy_cart
-- ----------------------------
DROP TABLE IF EXISTS `hy_cart`;
CREATE TABLE `hy_cart`  (
  `id` int NOT NULL AUTO_INCREMENT,
  `user_id` int NOT NULL DEFAULT 0 COMMENT '用户ID',
  `sku_id` int NOT NULL DEFAULT 0 COMMENT 'SKU ID',
  `quantity` int NOT NULL DEFAULT 0 COMMENT '购买数量',
  `status` tinyint(1) NOT NULL DEFAULT 1,
  `create_time` int NOT NULL DEFAULT 0,
  `update_time` int NOT NULL DEFAULT 0,
  `delete_time` int NULL DEFAULT NULL,
  PRIMARY KEY (`id`) USING BTREE,
  UNIQUE INDEX `uni_user_s`(`user_id` ASC, `sku_id` ASC) USING BTREE,
  INDEX `idx_user`(`user_id` ASC) USING BTREE,
  INDEX `idx_user_sku`(`user_id` ASC, `sku_id` ASC) USING BTREE
) ENGINE = InnoDB AUTO_INCREMENT = 5 CHARACTER SET = utf8mb4 COLLATE = utf8mb4_0900_ai_ci COMMENT = '用户购物车' ROW_FORMAT = Dynamic;

-- ----------------------------
-- Records of hy_cart
-- ----------------------------
INSERT INTO `hy_cart` VALUES (2, 2, 75, 13, 1, 1685609492, 1685670666, NULL);
INSERT INTO `hy_cart` VALUES (3, 1, 64, 1, 1, 1685609621, 1685609621, NULL);
INSERT INTO `hy_cart` VALUES (4, 2, 144, 2, 1, 1685610015, 1685610016, NULL);

-- ----------------------------
-- Table structure for hy_commission
-- ----------------------------
DROP TABLE IF EXISTS `hy_commission`;
CREATE TABLE `hy_commission`  (
  `id` int NOT NULL AUTO_INCREMENT COMMENT '佣金id',
  `product_id` int NOT NULL COMMENT '商品id',
  `from_user_id` int NOT NULL COMMENT '佣金来源用户id',
  `to_user_id` int NOT NULL COMMENT '佣金接收用户id',
  `amount` decimal(10, 2) NOT NULL COMMENT '佣金金额',
  `create_time` int NOT NULL DEFAULT 0 COMMENT '创建时间',
  `delete_time` int NULL DEFAULT NULL COMMENT '删除时间',
  PRIMARY KEY (`id`) USING BTREE,
  INDEX `idx_product_id`(`product_id` ASC) USING BTREE,
  INDEX `idx_from_user_id`(`from_user_id` ASC) USING BTREE,
  INDEX `idx_to_user_id`(`to_user_id` ASC) USING BTREE
) ENGINE = InnoDB AUTO_INCREMENT = 1 CHARACTER SET = utf8mb4 COLLATE = utf8mb4_unicode_ci COMMENT = '佣金表' ROW_FORMAT = Dynamic;

-- ----------------------------
-- Records of hy_commission
-- ----------------------------

-- ----------------------------
-- Table structure for hy_coupon
-- ----------------------------
DROP TABLE IF EXISTS `hy_coupon`;
CREATE TABLE `hy_coupon`  (
  `id` bigint UNSIGNED NOT NULL AUTO_INCREMENT COMMENT '主键ID',
  `code` varchar(50) CHARACTER SET utf8mb4 COLLATE utf8mb4_0900_ai_ci NOT NULL COMMENT '优惠码',
  `discount` decimal(10, 2) NOT NULL COMMENT '折扣金额',
  `start_time` int NOT NULL DEFAULT 0 COMMENT '生效时间',
  `end_time` int NOT NULL DEFAULT 0 COMMENT '过期时间',
  `create_time` int NOT NULL DEFAULT 0 COMMENT '创建时间',
  `update_time` int NOT NULL DEFAULT 0 COMMENT '更新时间',
  `delete_time` int NULL DEFAULT NULL COMMENT '删除时间',
  PRIMARY KEY (`id`) USING BTREE,
  UNIQUE INDEX `uk_coupon_code`(`code` ASC) USING BTREE
) ENGINE = InnoDB AUTO_INCREMENT = 1 CHARACTER SET = utf8mb4 COLLATE = utf8mb4_0900_ai_ci COMMENT = '优惠券表' ROW_FORMAT = Dynamic;

-- ----------------------------
-- Records of hy_coupon
-- ----------------------------

-- ----------------------------
-- Table structure for hy_goods
-- ----------------------------
DROP TABLE IF EXISTS `hy_goods`;
CREATE TABLE `hy_goods`  (
  `id` int NOT NULL AUTO_INCREMENT,
  `title` varchar(200) CHARACTER SET utf8mb4 COLLATE utf8mb4_0900_ai_ci NOT NULL DEFAULT '' COMMENT '商品标题',
  `sku_id` int NOT NULL DEFAULT 0,
  `type` int NOT NULL DEFAULT 0 COMMENT '商品类型 1普通商品',
  `category_id` int NOT NULL DEFAULT 0 COMMENT '商品分类',
  `category_list` json NULL,
  `unit` varchar(200) CHARACTER SET utf8mb4 COLLATE utf8mb4_0900_ai_ci NOT NULL DEFAULT '' COMMENT '单位',
  `is_video` tinyint(1) NOT NULL DEFAULT 0 COMMENT '是否添加视频',
  `video_type` tinyint(1) NOT NULL DEFAULT 1 COMMENT '视频类型 1本地视频 2视频地址',
  `video_url` varchar(500) CHARACTER SET utf8mb4 COLLATE utf8mb4_0900_ai_ci NOT NULL DEFAULT '' COMMENT '视频地址',
  `status` tinyint(1) NOT NULL DEFAULT 1 COMMENT '状态:0下架 1上架 2:售罄 3:回收站商品',
  `specification` tinyint(1) NOT NULL DEFAULT 1 COMMENT '商品规格1单规格 2多规格',
  `price` decimal(10, 2) NOT NULL DEFAULT 0.00 COMMENT '售价',
  `market_price` decimal(10, 2) NOT NULL DEFAULT 0.00 COMMENT '成本',
  `cost_price` decimal(10, 2) NOT NULL DEFAULT 0.00 COMMENT '原价',
  `stock` int NOT NULL DEFAULT 0 COMMENT '库存',
  `product_id` varchar(50) CHARACTER SET utf8mb4 COLLATE utf8mb4_0900_ai_ci NOT NULL DEFAULT '' COMMENT '商品编号',
  `weight` varchar(50) CHARACTER SET utf8mb4 COLLATE utf8mb4_0900_ai_ci NOT NULL DEFAULT '' COMMENT '体重',
  `volume` int NOT NULL DEFAULT 0 COMMENT '体积',
  `description` text CHARACTER SET utf8mb4 COLLATE utf8mb4_0900_ai_ci NULL COMMENT '描述',
  `logistics_type` json NULL COMMENT '物流方式',
  `logistics_cate` tinyint(1) NOT NULL DEFAULT 1 COMMENT '运费设置',
  `logistics_price` decimal(10, 2) NOT NULL DEFAULT 0.00 COMMENT '运费固定金额',
  `logistics_formwork` int NOT NULL DEFAULT 0 COMMENT '运费模板',
  `number` int NOT NULL DEFAULT 0 COMMENT '已购数量',
  `integral` int NOT NULL DEFAULT 0 COMMENT '购买赠送积分',
  `is_purchase` tinyint(1) NOT NULL DEFAULT 0 COMMENT '是否限购',
  `purchase_type` tinyint(1) NOT NULL DEFAULT 1 COMMENT '单次限购',
  `purchase_number` int NOT NULL DEFAULT 0 COMMENT '限购数量',
  `is_booking` tinyint(1) NOT NULL DEFAULT 0 COMMENT '是否预售 0不预售 1预售',
  `booking_send_time` int NOT NULL DEFAULT 0 COMMENT '预售发货时间',
  `recommend` json NULL COMMENT '促销',
  `title_keywords` varchar(200) CHARACTER SET utf8mb4 COLLATE utf8mb4_0900_ai_ci NOT NULL DEFAULT '',
  `title_description` varchar(200) CHARACTER SET utf8mb4 COLLATE utf8mb4_0900_ai_ci NOT NULL DEFAULT '',
  `delete_time` int NULL DEFAULT NULL,
  `create_time` int NOT NULL DEFAULT 0,
  `update_time` int NOT NULL DEFAULT 0,
  `banner` json NULL,
  `url` varchar(500) CHARACTER SET utf8mb4 COLLATE utf8mb4_0900_ai_ci NOT NULL DEFAULT '',
  `booking_time_start` int NOT NULL DEFAULT 0,
  `booking_time_end` int NOT NULL DEFAULT 0,
  `sort` int NOT NULL DEFAULT 0,
  PRIMARY KEY (`id`) USING BTREE
) ENGINE = InnoDB AUTO_INCREMENT = 45 CHARACTER SET = utf8mb4 COLLATE = utf8mb4_0900_ai_ci COMMENT = '商品表' ROW_FORMAT = Dynamic;

-- ----------------------------
-- Records of hy_goods
-- ----------------------------
INSERT INTO `hy_goods` VALUES (2, '测试商品', 75, 1, 0, '[[12, 13, 36], [12, 13, 35], [12, 13, 34], [12, 13, 33], [12, 13, 32], [12, 13, 31], [12, 13, 30], [12, 13, 29], [12, 13, 28], [12, 13, 27], [12, 13, 26], [12, 13, 25], [12, 13, 24], [12, 13, 23], [12, 13, 22], [12, 13, 21], [12, 13, 20], [12, 13, 19], [12, 13, 18], [12, 13, 17], [12, 13, 16]]', '111', 0, 1, '', 1, 2, 1.00, 3.00, 2.00, 480, '0', '0', 0, '&lt;p&gt;1、前言&lt;/p&gt;&lt;p&gt;很多时候我们需要获取一个结构未知的文件夹下所有的文件或是指定类型的所有文件，在C#中可以通过递归实现，下面给出实现代码。我这里新建了一个测试文件夹，其结构如下所示：&lt;/p&gt;&lt;p&gt;&lt;br&gt;&lt;/p&gt;&lt;p&gt;测试文件夹/&lt;/p&gt;&lt;p&gt; &amp;nbsp;├─文件夹1&lt;/p&gt;&lt;p&gt; &amp;nbsp;│ &amp;nbsp; └─1_1.docx&lt;/p&gt;&lt;p&gt; &amp;nbsp;│ &amp;nbsp; └─1_2.docx &lt;/p&gt;&lt;p&gt; &amp;nbsp;└─文件夹2&lt;/p&gt;&lt;p&gt; &amp;nbsp;│ &amp;nbsp; └─2_1.pptx&lt;/p&gt;&lt;p&gt; &amp;nbsp;│ &amp;nbsp; └─2_2.pptx &lt;/p&gt;&lt;p&gt; &amp;nbsp;│ &amp;nbsp; └─文件夹3&lt;/p&gt;&lt;p&gt; &amp;nbsp;│ &amp;nbsp; &amp;nbsp; &amp;nbsp;└─3_1.xlsx&lt;/p&gt;&lt;p&gt; &amp;nbsp;│ &amp;nbsp; &amp;nbsp; &amp;nbsp;└─3_2.xlsx&lt;/p&gt;&lt;p&gt; &amp;nbsp;│ &amp;nbsp; &amp;nbsp; &amp;nbsp;└─文件夹4&lt;/p&gt;&lt;p&gt; &amp;nbsp;│ &amp;nbsp; &amp;nbsp; &amp;nbsp; &amp;nbsp; └─4_1.bmp&lt;/p&gt;&lt;p&gt; &amp;nbsp;│ &amp;nbsp; &amp;nbsp; &amp;nbsp; &amp;nbsp; └─4_2.bmp&lt;/p&gt;&lt;p&gt;1&lt;/p&gt;&lt;p&gt;2&lt;/p&gt;&lt;p&gt;3&lt;/p&gt;&lt;p&gt;4&lt;/p&gt;&lt;p&gt;5&lt;/p&gt;&lt;p&gt;6&lt;/p&gt;&lt;p&gt;7&lt;/p&gt;&lt;p&gt;8&lt;/p&gt;&lt;p&gt;9&lt;/p&gt;&lt;p&gt;10&lt;/p&gt;&lt;p&gt;11&lt;/p&gt;&lt;p&gt;12&lt;/p&gt;&lt;p&gt;13&lt;/p&gt;&lt;p&gt;&lt;br&gt;&lt;/p&gt;&lt;p&gt;&lt;br&gt;&lt;/p&gt;&lt;p&gt;2、获取全部文件&lt;/p&gt;&lt;p&gt;获取全部文件代码如下：&lt;/p&gt;&lt;p&gt;&lt;br&gt;&lt;/p&gt;&lt;p&gt;using System;&lt;/p&gt;&lt;p&gt;using System.Collections.Generic;&lt;/p&gt;&lt;p&gt;using System.IO;&lt;/p&gt;&lt;p&gt;&lt;br&gt;&lt;/p&gt;&lt;p&gt;namespace App&lt;/p&gt;&lt;p&gt;{&lt;/p&gt;&lt;p&gt; &amp;nbsp; &amp;nbsp;class Program&lt;/p&gt;&lt;p&gt; &amp;nbsp; &amp;nbsp;{&lt;/p&gt;&lt;p&gt; &amp;nbsp; &amp;nbsp; &amp;nbsp; &amp;nbsp;static void Main(string[] args)&lt;/p&gt;&lt;p&gt; &amp;nbsp; &amp;nbsp; &amp;nbsp; &amp;nbsp;{&lt;/p&gt;&lt;p&gt; &amp;nbsp; &amp;nbsp; &amp;nbsp; &amp;nbsp; &amp;nbsp; &amp;nbsp;List&lt;string&gt; files = GetFiles(@&quot;D:\\测试文件夹&quot;);&lt;/p&gt;&lt;p&gt; &amp;nbsp; &amp;nbsp; &amp;nbsp; &amp;nbsp; &amp;nbsp; &amp;nbsp;foreach (var item in files)&lt;/p&gt;&lt;p&gt; &amp;nbsp; &amp;nbsp; &amp;nbsp; &amp;nbsp; &amp;nbsp; &amp;nbsp;{&lt;/p&gt;&lt;p&gt; &amp;nbsp; &amp;nbsp; &amp;nbsp; &amp;nbsp; &amp;nbsp; &amp;nbsp; &amp;nbsp; &amp;nbsp;Console.WriteLine(item);&lt;/p&gt;&lt;p&gt; &amp;nbsp; &amp;nbsp; &amp;nbsp; &amp;nbsp; &amp;nbsp; &amp;nbsp;}&lt;/p&gt;&lt;p&gt; &amp;nbsp; &amp;nbsp; &amp;nbsp; &amp;nbsp; &amp;nbsp; &amp;nbsp;Console.ReadKey();&lt;/p&gt;&lt;p&gt; &amp;nbsp; &amp;nbsp; &amp;nbsp; &amp;nbsp;}&lt;/p&gt;&lt;p&gt;&lt;br&gt;&lt;/p&gt;&lt;p&gt; &amp;nbsp; &amp;nbsp; &amp;nbsp; &amp;nbsp;static List&lt;string&gt; GetFiles(string directory, string pattern = &quot;*.*&quot;)&lt;/p&gt;&lt;p&gt; &amp;nbsp; &amp;nbsp; &amp;nbsp; &amp;nbsp;{&lt;/p&gt;&lt;p&gt; &amp;nbsp; &amp;nbsp; &amp;nbsp; &amp;nbsp; &amp;nbsp; &amp;nbsp;List&lt;string&gt; files = new List&lt;string&gt;();&lt;/p&gt;&lt;p&gt; &amp;nbsp; &amp;nbsp; &amp;nbsp; &amp;nbsp; &amp;nbsp; &amp;nbsp;foreach (var item in Directory.GetFiles(directory, pattern))&lt;/p&gt;&lt;p&gt; &amp;nbsp; &amp;nbsp; &amp;nbsp; &amp;nbsp; &amp;nbsp; &amp;nbsp;{&lt;/p&gt;&lt;p&gt; &amp;nbsp; &amp;nbsp; &amp;nbsp; &amp;nbsp; &amp;nbsp; &amp;nbsp; &amp;nbsp; &amp;nbsp;files.Add(item);&lt;/p&gt;&lt;p&gt; &amp;nbsp; &amp;nbsp; &amp;nbsp; &amp;nbsp; &amp;nbsp; &amp;nbsp;}&lt;/p&gt;&lt;p&gt; &amp;nbsp; &amp;nbsp; &amp;nbsp; &amp;nbsp; &amp;nbsp; &amp;nbsp;foreach (var item in Directory.GetDirectories(directory))&lt;/p&gt;&lt;p&gt; &amp;nbsp; &amp;nbsp; &amp;nbsp; &amp;nbsp; &amp;nbsp; &amp;nbsp;{&lt;/p&gt;&lt;p&gt; &amp;nbsp; &amp;nbsp; &amp;nbsp; &amp;nbsp; &amp;nbsp; &amp;nbsp; &amp;nbsp; &amp;nbsp;files.AddRange(GetFiles(item, pattern));&lt;/p&gt;&lt;p&gt; &amp;nbsp; &amp;nbsp; &amp;nbsp; &amp;nbsp; &amp;nbsp; &amp;nbsp;}&lt;/p&gt;&lt;p&gt; &amp;nbsp; &amp;nbsp; &amp;nbsp; &amp;nbsp; &amp;nbsp; &amp;nbsp;return files;&lt;/p&gt;&lt;p&gt; &amp;nbsp; &amp;nbsp; &amp;nbsp; &amp;nbsp;}&lt;/p&gt;&lt;p&gt; &amp;nbsp; &amp;nbsp;}&lt;/p&gt;&lt;p&gt;}&lt;/p&gt;&lt;p&gt;&lt;br&gt;&lt;/p&gt;&lt;p&gt;1&lt;/p&gt;&lt;p&gt;2&lt;/p&gt;&lt;p&gt;3&lt;/p&gt;&lt;p&gt;4&lt;/p&gt;&lt;p&gt;5&lt;/p&gt;&lt;p&gt;6&lt;/p&gt;&lt;p&gt;7&lt;/p&gt;&lt;p&gt;8&lt;/p&gt;&lt;p&gt;9&lt;/p&gt;&lt;p&gt;10&lt;/p&gt;&lt;p&gt;11&lt;/p&gt;&lt;p&gt;12&lt;/p&gt;&lt;p&gt;13&lt;/p&gt;&lt;p&gt;14&lt;/p&gt;&lt;p&gt;15&lt;/p&gt;&lt;p&gt;16&lt;/p&gt;&lt;p&gt;17&lt;/p&gt;&lt;p&gt;18&lt;/p&gt;&lt;p&gt;19&lt;/p&gt;&lt;p&gt;20&lt;/p&gt;&lt;p&gt;21&lt;/p&gt;&lt;p&gt;22&lt;/p&gt;&lt;p&gt;23&lt;/p&gt;&lt;p&gt;24&lt;/p&gt;&lt;p&gt;25&lt;/p&gt;&lt;p&gt;26&lt;/p&gt;&lt;p&gt;27&lt;/p&gt;&lt;p&gt;28&lt;/p&gt;&lt;p&gt;29&lt;/p&gt;&lt;p&gt;30&lt;/p&gt;&lt;p&gt;31&lt;/p&gt;&lt;p&gt;32&lt;/p&gt;&lt;p&gt;33&lt;/p&gt;&lt;p&gt;结果如下图所示：&lt;/p&gt;&lt;p&gt;&lt;br&gt;&lt;/p&gt;&lt;p&gt;D:\\测试文件夹\\文件夹1\\1_1.docx&lt;/p&gt;&lt;p&gt;D:\\测试文件夹\\文件夹1\\1_2.docx&lt;/p&gt;&lt;p&gt;D:\\测试文件夹\\文件夹2\\2_1.pptx&lt;/p&gt;&lt;p&gt;D:\\测试文件夹\\文件夹2\\2_2.pptx&lt;/p&gt;&lt;p&gt;D:\\测试文件夹\\文件夹2\\文件夹3\\3_1.xlsx&lt;/p&gt;&lt;p&gt;D:\\测试文件夹\\文件夹2\\文件夹3\\3_2.xlsx&lt;/p&gt;&lt;p&gt;D:\\测试文件夹\\文件夹2\\文件夹3\\文件夹4\\4_1.bmp&lt;/p&gt;&lt;p&gt;D:\\测试文件夹\\文件夹2\\文件夹3\\文件夹4\\4_2.bmp&lt;/p&gt;&lt;p&gt;1&lt;/p&gt;&lt;p&gt;2&lt;/p&gt;&lt;p&gt;3&lt;/p&gt;&lt;p&gt;4&lt;/p&gt;&lt;p&gt;5&lt;/p&gt;&lt;p&gt;6&lt;/p&gt;&lt;p&gt;7&lt;/p&gt;&lt;p&gt;8&lt;/p&gt;&lt;p&gt;3、获取指定类型文件&lt;/p&gt;&lt;p&gt;————————————————&lt;/p&gt;&lt;p&gt;版权声明：本文为CSDN博主「HerryDong」的原创文章，遵循CC 4.0 BY-SA版权协议，转载请附上原文出处链接及本声明。&lt;/p&gt;&lt;p&gt;原文链接：https://blog.csdn.net/HerryDong/article/details/103250077&lt;/p&gt;', '[\"1\"]', 1, 0.00, 0, 0, 0, 0, 1, 0, 0, 0, '[1, 2, 3]', '', '', NULL, 1685518897, 1685518897, '[\"/public/image/2023-03-24/af08df99616e3e4f1038b161ffcdaf70.jpeg\", \"/public/image/2023-03-24/f45e58d0a0c8dad652a12ad3c7963c0d.jpeg\", \"/public/image/2023-03-24/cadae5ccd8bfe93c4f80446a1bac899a.jpeg\", \"/public/image/2023-03-24/1e55ea5a72fdf654a011517737e07d0c.jpeg\"]', '/public/image/2023-03-22/d7c22a4d1baca0ae99bc4d55f1abd534.jpeg', 0, 0, 999);
INSERT INTO `hy_goods` VALUES (6, '单规格', 89, 1, 0, '[[3, 63, 64]]', '件', 0, 1, '', 0, 1, 1.00, 10.00, 1.00, 20, '0', '0', 0, '&lt;p&gt;这是描述文件&lt;/p&gt;', '[\"1\"]', 1, 100.00, 0, 1, 3, 1, 2, 4, 1, 10, '[2, 1, 3]', '1', '2', NULL, 1685517107, 1685517107, '[\"/public/image/2023-03-24/ae752e825c6b49875e13d9f5ea15b67c.jpeg\", \"/public/image/2023-03-24/cadae5ccd8bfe93c4f80446a1bac899a.jpeg\", \"/public/image/2023-03-24/1e55ea5a72fdf654a011517737e07d0c.jpeg\"]', '/public/image/2023-03-22/775a83ebe950baf4c353f63855f8e808.png', 1680710400, 1685030400, 2);
INSERT INTO `hy_goods` VALUES (7, '古黛妃 短袖t恤女 春夏装2019新款韩版宽松', 87, 1, 0, '[[3, 63, 64], [3, 7, 9]]', '件', 0, 1, '', 1, 2, 100.00, 30.00, 120.00, 150, '0', '0', 0, '&lt;p&gt;&lt;br&gt;&lt;/p&gt;&lt;p&gt;&lt;img src=&quot;/public/image/0c2a9b17df6f4f703cb1a2207fe61dbf.jpg&quot; alt=&quot;&quot; data-href=&quot;&quot; style=&quot;&quot;/&gt;&lt;/p&gt;&lt;p&gt;&lt;img src=&quot;/public/image/c26a47b73b33f4ce63c5f106e4dd09f8.jpg&quot; alt=&quot;&quot; data-href=&quot;&quot; style=&quot;&quot;/&gt;&lt;/p&gt;&lt;p&gt;&lt;img src=&quot;/public/image/791624739d751d040de3663c43582f6c.jpg&quot; alt=&quot;&quot; data-href=&quot;&quot; style=&quot;&quot;/&gt;&lt;/p&gt;', '[\"1\"]', 1, 0.00, 0, 0, 10, 0, 1, 0, 0, 0, '[1, 2]', '', '', NULL, 1685518888, 1685518888, '[\"/public/image/2023-05-31/8436c5e4b0c38c00a71b8bcce254bdab.jpeg\", \"/public/image/2023-05-31/355634426104ba260d52468ec9d11f83.jpeg\"]', '/public/image/2023-05-31/b473f5406774e2d701628e37c760cf54.jpeg', 0, 0, 0);
INSERT INTO `hy_goods` VALUES (34, '古黛妃 短袖t恤女 春夏装2019新款韩版宽松', 94, 1, 0, '[[3, 63, 64], [3, 7, 9]]', '件', 0, 1, '', 1, 2, 100.00, 30.00, 120.00, 150, '0', '0', 0, '&lt;p&gt;&lt;br&gt;&lt;/p&gt;&lt;p&gt;&lt;img src=&quot;/public/image/0c2a9b17df6f4f703cb1a2207fe61dbf.jpg&quot; alt=&quot;&quot; data-href=&quot;&quot; style=&quot;&quot;/&gt;&lt;/p&gt;&lt;p&gt;&lt;img src=&quot;/public/image/c26a47b73b33f4ce63c5f106e4dd09f8.jpg&quot; alt=&quot;&quot; data-href=&quot;&quot; style=&quot;&quot;/&gt;&lt;/p&gt;&lt;p&gt;&lt;img src=&quot;/public/image/791624739d751d040de3663c43582f6c.jpg&quot; alt=&quot;&quot; data-href=&quot;&quot; style=&quot;&quot;/&gt;&lt;/p&gt;', '[\"1\"]', 1, 0.00, 0, 0, 10, 0, 1, 0, 0, 0, '[1, 2]', '', '', NULL, 1685523135, 1685523135, '[\"/public/image/2023-05-31/8436c5e4b0c38c00a71b8bcce254bdab.jpeg\", \"/public/image/2023-05-31/355634426104ba260d52468ec9d11f83.jpeg\"]', '/public/image/2023-05-31/b473f5406774e2d701628e37c760cf54.jpeg', 0, 0, 0);
INSERT INTO `hy_goods` VALUES (35, '古黛妃 短袖t恤女 春夏装2019新款韩版宽松', 99, 1, 0, '[[3, 63, 64], [3, 7, 9]]', '件', 0, 1, '', 1, 2, 100.00, 30.00, 120.00, 150, '0', '0', 0, '&lt;p&gt;&lt;br&gt;&lt;/p&gt;&lt;p&gt;&lt;img src=&quot;/public/image/0c2a9b17df6f4f703cb1a2207fe61dbf.jpg&quot; alt=&quot;&quot; data-href=&quot;&quot; style=&quot;&quot;/&gt;&lt;/p&gt;&lt;p&gt;&lt;img src=&quot;/public/image/c26a47b73b33f4ce63c5f106e4dd09f8.jpg&quot; alt=&quot;&quot; data-href=&quot;&quot; style=&quot;&quot;/&gt;&lt;/p&gt;&lt;p&gt;&lt;img src=&quot;/public/image/791624739d751d040de3663c43582f6c.jpg&quot; alt=&quot;&quot; data-href=&quot;&quot; style=&quot;&quot;/&gt;&lt;/p&gt;', '[\"1\"]', 1, 0.00, 0, 0, 10, 0, 1, 0, 0, 0, '[1, 2]', '', '', NULL, 1685523152, 1685523152, '[\"/public/image/2023-05-31/8436c5e4b0c38c00a71b8bcce254bdab.jpeg\", \"/public/image/2023-05-31/355634426104ba260d52468ec9d11f83.jpeg\"]', '/public/image/2023-05-31/b473f5406774e2d701628e37c760cf54.jpeg', 0, 0, 0);
INSERT INTO `hy_goods` VALUES (36, '古黛妃 短袖t恤女 春夏装2019新款韩版宽松', 104, 1, 0, '[[3, 63, 64], [3, 7, 9]]', '件', 0, 1, '', 1, 2, 100.00, 30.00, 120.00, 150, '0', '0', 0, '&lt;p&gt;&lt;br&gt;&lt;/p&gt;&lt;p&gt;&lt;img src=&quot;/public/image/0c2a9b17df6f4f703cb1a2207fe61dbf.jpg&quot; alt=&quot;&quot; data-href=&quot;&quot; style=&quot;&quot;/&gt;&lt;/p&gt;&lt;p&gt;&lt;img src=&quot;/public/image/c26a47b73b33f4ce63c5f106e4dd09f8.jpg&quot; alt=&quot;&quot; data-href=&quot;&quot; style=&quot;&quot;/&gt;&lt;/p&gt;&lt;p&gt;&lt;img src=&quot;/public/image/791624739d751d040de3663c43582f6c.jpg&quot; alt=&quot;&quot; data-href=&quot;&quot; style=&quot;&quot;/&gt;&lt;/p&gt;', '[\"1\"]', 1, 0.00, 0, 0, 10, 0, 1, 0, 0, 0, '[1, 2]', '', '', NULL, 1685523187, 1685523187, '[\"/public/image/2023-05-31/8436c5e4b0c38c00a71b8bcce254bdab.jpeg\", \"/public/image/2023-05-31/355634426104ba260d52468ec9d11f83.jpeg\"]', '/public/image/2023-05-31/b473f5406774e2d701628e37c760cf54.jpeg', 0, 0, 0);
INSERT INTO `hy_goods` VALUES (37, '古黛妃 短袖t恤女 春夏装2019新款韩版宽松', 109, 1, 0, '[[3, 63, 64], [3, 7, 9]]', '件', 0, 1, '', 1, 2, 2315.00, 30.00, 120.00, 150, '0', '0', 0, '&lt;p&gt;&lt;br&gt;&lt;/p&gt;&lt;p&gt;&lt;img src=&quot;/public/image/0c2a9b17df6f4f703cb1a2207fe61dbf.jpg&quot; alt=&quot;&quot; data-href=&quot;&quot; style=&quot;&quot;/&gt;&lt;/p&gt;&lt;p&gt;&lt;img src=&quot;/public/image/c26a47b73b33f4ce63c5f106e4dd09f8.jpg&quot; alt=&quot;&quot; data-href=&quot;&quot; style=&quot;&quot;/&gt;&lt;/p&gt;&lt;p&gt;&lt;img src=&quot;/public/image/791624739d751d040de3663c43582f6c.jpg&quot; alt=&quot;&quot; data-href=&quot;&quot; style=&quot;&quot;/&gt;&lt;/p&gt;', '[\"1\"]', 1, 0.00, 0, 0, 10, 0, 1, 0, 0, 0, '[1, 2]', '', '', NULL, 1685523224, 1685523224, '[\"/public/image/2023-05-31/8436c5e4b0c38c00a71b8bcce254bdab.jpeg\", \"/public/image/2023-05-31/355634426104ba260d52468ec9d11f83.jpeg\"]', '/public/image/2023-05-31/b473f5406774e2d701628e37c760cf54.jpeg', 0, 0, 0);
INSERT INTO `hy_goods` VALUES (38, '古黛妃 短袖t恤女 春夏装2019新款韩版宽松', 114, 1, 0, '[[3, 63, 64], [3, 7, 9]]', '件', 0, 1, '', 1, 2, 562.00, 30.00, 120.00, 150, '0', '0', 0, '&lt;p&gt;&lt;br&gt;&lt;/p&gt;&lt;p&gt;&lt;img src=&quot;/public/image/0c2a9b17df6f4f703cb1a2207fe61dbf.jpg&quot; alt=&quot;&quot; data-href=&quot;&quot; style=&quot;&quot;/&gt;&lt;/p&gt;&lt;p&gt;&lt;img src=&quot;/public/image/c26a47b73b33f4ce63c5f106e4dd09f8.jpg&quot; alt=&quot;&quot; data-href=&quot;&quot; style=&quot;&quot;/&gt;&lt;/p&gt;&lt;p&gt;&lt;img src=&quot;/public/image/791624739d751d040de3663c43582f6c.jpg&quot; alt=&quot;&quot; data-href=&quot;&quot; style=&quot;&quot;/&gt;&lt;/p&gt;', '[\"1\"]', 1, 0.00, 0, 0, 10, 0, 1, 0, 0, 0, '[1, 2]', '', '', NULL, 1685523230, 1685523230, '[\"/public/image/2023-05-31/8436c5e4b0c38c00a71b8bcce254bdab.jpeg\", \"/public/image/2023-05-31/355634426104ba260d52468ec9d11f83.jpeg\"]', '/public/image/2023-05-31/b473f5406774e2d701628e37c760cf54.jpeg', 0, 0, 0);
INSERT INTO `hy_goods` VALUES (39, '古黛妃 短袖t恤女 春夏装2019新款韩版宽松', 119, 1, 0, '[[3, 63, 64], [3, 7, 9]]', '件', 0, 1, '', 1, 2, 956.00, 30.00, 120.00, 150, '0', '0', 0, '&lt;p&gt;&lt;br&gt;&lt;/p&gt;&lt;p&gt;&lt;img src=&quot;/public/image/0c2a9b17df6f4f703cb1a2207fe61dbf.jpg&quot; alt=&quot;&quot; data-href=&quot;&quot; style=&quot;&quot;/&gt;&lt;/p&gt;&lt;p&gt;&lt;img src=&quot;/public/image/c26a47b73b33f4ce63c5f106e4dd09f8.jpg&quot; alt=&quot;&quot; data-href=&quot;&quot; style=&quot;&quot;/&gt;&lt;/p&gt;&lt;p&gt;&lt;img src=&quot;/public/image/791624739d751d040de3663c43582f6c.jpg&quot; alt=&quot;&quot; data-href=&quot;&quot; style=&quot;&quot;/&gt;&lt;/p&gt;', '[\"1\"]', 1, 0.00, 0, 6, 10, 0, 1, 0, 0, 0, '[1, 2]', '', '', NULL, 1685523232, 1685523232, '[\"/public/image/2023-05-31/8436c5e4b0c38c00a71b8bcce254bdab.jpeg\", \"/public/image/2023-05-31/355634426104ba260d52468ec9d11f83.jpeg\"]', '/public/image/2023-05-31/b473f5406774e2d701628e37c760cf54.jpeg', 0, 0, 0);
INSERT INTO `hy_goods` VALUES (40, '古黛妃 短袖t恤女 春夏装2019新款韩版宽松', 124, 1, 0, '[[3, 63, 64], [3, 7, 9]]', '件', 0, 1, '', 1, 2, 998.00, 30.00, 120.00, 150, '0', '0', 0, '&lt;p&gt;&lt;br&gt;&lt;/p&gt;&lt;p&gt;&lt;img src=&quot;/public/image/0c2a9b17df6f4f703cb1a2207fe61dbf.jpg&quot; alt=&quot;&quot; data-href=&quot;&quot; style=&quot;&quot;/&gt;&lt;/p&gt;&lt;p&gt;&lt;img src=&quot;/public/image/c26a47b73b33f4ce63c5f106e4dd09f8.jpg&quot; alt=&quot;&quot; data-href=&quot;&quot; style=&quot;&quot;/&gt;&lt;/p&gt;&lt;p&gt;&lt;img src=&quot;/public/image/791624739d751d040de3663c43582f6c.jpg&quot; alt=&quot;&quot; data-href=&quot;&quot; style=&quot;&quot;/&gt;&lt;/p&gt;', '[\"1\"]', 1, 0.00, 0, 5, 10, 0, 1, 0, 0, 0, '[1, 2]', '', '', NULL, 1685523235, 1685523235, '[\"/public/image/2023-05-31/8436c5e4b0c38c00a71b8bcce254bdab.jpeg\", \"/public/image/2023-05-31/355634426104ba260d52468ec9d11f83.jpeg\"]', '/public/image/2023-05-31/b473f5406774e2d701628e37c760cf54.jpeg', 0, 0, 0);
INSERT INTO `hy_goods` VALUES (41, '古黛妃 短袖t恤女 春夏装2019新款韩版宽松', 129, 1, 0, '[[3, 63, 64], [3, 7, 9]]', '件', 0, 1, '', 1, 2, 9999.00, 30.00, 120.00, 150, '0', '0', 0, '&lt;p&gt;&lt;br&gt;&lt;/p&gt;&lt;p&gt;&lt;img src=&quot;/public/image/0c2a9b17df6f4f703cb1a2207fe61dbf.jpg&quot; alt=&quot;&quot; data-href=&quot;&quot; style=&quot;&quot;/&gt;&lt;/p&gt;&lt;p&gt;&lt;img src=&quot;/public/image/c26a47b73b33f4ce63c5f106e4dd09f8.jpg&quot; alt=&quot;&quot; data-href=&quot;&quot; style=&quot;&quot;/&gt;&lt;/p&gt;&lt;p&gt;&lt;img src=&quot;/public/image/791624739d751d040de3663c43582f6c.jpg&quot; alt=&quot;&quot; data-href=&quot;&quot; style=&quot;&quot;/&gt;&lt;/p&gt;', '[\"1\"]', 1, 0.00, 0, 4, 10, 0, 1, 0, 0, 0, '[1, 2]', '', '', NULL, 1685523238, 1685523238, '[\"/public/image/2023-05-31/8436c5e4b0c38c00a71b8bcce254bdab.jpeg\", \"/public/image/2023-05-31/355634426104ba260d52468ec9d11f83.jpeg\"]', '/public/image/2023-05-31/b473f5406774e2d701628e37c760cf54.jpeg', 0, 0, 0);
INSERT INTO `hy_goods` VALUES (42, '古黛妃 短袖t恤女 春夏装2019新款韩版宽松', 134, 1, 0, '[[3, 63, 64], [3, 7, 9]]', '件', 0, 1, '', 1, 2, 1000.00, 30.00, 120.00, 150, '0', '0', 0, '&lt;p&gt;&lt;br&gt;&lt;/p&gt;&lt;p&gt;&lt;img src=&quot;/public/image/0c2a9b17df6f4f703cb1a2207fe61dbf.jpg&quot; alt=&quot;&quot; data-href=&quot;&quot; style=&quot;&quot;/&gt;&lt;/p&gt;&lt;p&gt;&lt;img src=&quot;/public/image/c26a47b73b33f4ce63c5f106e4dd09f8.jpg&quot; alt=&quot;&quot; data-href=&quot;&quot; style=&quot;&quot;/&gt;&lt;/p&gt;&lt;p&gt;&lt;img src=&quot;/public/image/791624739d751d040de3663c43582f6c.jpg&quot; alt=&quot;&quot; data-href=&quot;&quot; style=&quot;&quot;/&gt;&lt;/p&gt;', '[\"1\"]', 1, 0.00, 0, 3, 10, 0, 1, 0, 0, 0, '[1, 2]', '', '', NULL, 1685523242, 1685523242, '[\"/public/image/2023-05-31/8436c5e4b0c38c00a71b8bcce254bdab.jpeg\", \"/public/image/2023-05-31/355634426104ba260d52468ec9d11f83.jpeg\"]', '/public/image/2023-05-31/b473f5406774e2d701628e37c760cf54.jpeg', 0, 0, 0);
INSERT INTO `hy_goods` VALUES (43, '古黛妃 短袖t恤女 春夏装2019新款韩版宽松', 139, 1, 0, '[[3, 63, 64], [3, 7, 9]]', '件', 0, 1, '', 1, 2, 99.00, 30.00, 120.00, 150, '0', '0', 0, '&lt;p&gt;&lt;br&gt;&lt;/p&gt;&lt;p&gt;&lt;img src=&quot;/public/image/0c2a9b17df6f4f703cb1a2207fe61dbf.jpg&quot; alt=&quot;&quot; data-href=&quot;&quot; style=&quot;&quot;/&gt;&lt;/p&gt;&lt;p&gt;&lt;img src=&quot;/public/image/c26a47b73b33f4ce63c5f106e4dd09f8.jpg&quot; alt=&quot;&quot; data-href=&quot;&quot; style=&quot;&quot;/&gt;&lt;/p&gt;&lt;p&gt;&lt;img src=&quot;/public/image/791624739d751d040de3663c43582f6c.jpg&quot; alt=&quot;&quot; data-href=&quot;&quot; style=&quot;&quot;/&gt;&lt;/p&gt;', '[\"1\"]', 1, 0.00, 0, 2, 10, 0, 1, 0, 0, 0, '[1, 2]', '', '', NULL, 1685523270, 1685523270, '[\"/public/image/2023-05-31/8436c5e4b0c38c00a71b8bcce254bdab.jpeg\", \"/public/image/2023-05-31/355634426104ba260d52468ec9d11f83.jpeg\"]', '/public/image/2023-05-31/b473f5406774e2d701628e37c760cf54.jpeg', 0, 0, 0);
INSERT INTO `hy_goods` VALUES (44, '古黛妃 短袖t恤女 春夏装2019新款韩版宽松', 144, 1, 0, '[[3, 63, 64], [3, 7, 9]]', '件', 0, 1, '', 1, 2, 100.00, 30.00, 120.00, 150, '0', '0', 0, '&lt;p&gt;&lt;br&gt;&lt;/p&gt;&lt;p&gt;&lt;img src=&quot;/public/image/0c2a9b17df6f4f703cb1a2207fe61dbf.jpg&quot; alt=&quot;&quot; data-href=&quot;&quot; style=&quot;&quot;/&gt;&lt;/p&gt;&lt;p&gt;&lt;img src=&quot;/public/image/c26a47b73b33f4ce63c5f106e4dd09f8.jpg&quot; alt=&quot;&quot; data-href=&quot;&quot; style=&quot;&quot;/&gt;&lt;/p&gt;&lt;p&gt;&lt;img src=&quot;/public/image/791624739d751d040de3663c43582f6c.jpg&quot; alt=&quot;&quot; data-href=&quot;&quot; style=&quot;&quot;/&gt;&lt;/p&gt;', '[\"1\"]', 1, 0.00, 0, 1, 10, 0, 1, 0, 0, 0, '[1, 2]', '', '', NULL, 1685523273, 1685523273, '[\"/public/image/2023-05-31/8436c5e4b0c38c00a71b8bcce254bdab.jpeg\", \"/public/image/2023-05-31/355634426104ba260d52468ec9d11f83.jpeg\"]', '/public/image/2023-05-31/b473f5406774e2d701628e37c760cf54.jpeg', 0, 0, 0);

-- ----------------------------
-- Table structure for hy_goods_categories_info
-- ----------------------------
DROP TABLE IF EXISTS `hy_goods_categories_info`;
CREATE TABLE `hy_goods_categories_info`  (
  `goods_id` int NOT NULL DEFAULT 0,
  `category_id` int NOT NULL DEFAULT 0,
  UNIQUE INDEX `uni_goods_cate`(`category_id` ASC, `goods_id` ASC) USING BTREE,
  INDEX `idx_goods_cate`(`category_id` ASC, `goods_id` ASC) USING BTREE
) ENGINE = InnoDB CHARACTER SET = utf8mb4 COLLATE = utf8mb4_0900_ai_ci COMMENT = '商品分类表' ROW_FORMAT = Dynamic;

-- ----------------------------
-- Records of hy_goods_categories_info
-- ----------------------------
INSERT INTO `hy_goods_categories_info` VALUES (7, 9);
INSERT INTO `hy_goods_categories_info` VALUES (34, 9);
INSERT INTO `hy_goods_categories_info` VALUES (35, 9);
INSERT INTO `hy_goods_categories_info` VALUES (36, 9);
INSERT INTO `hy_goods_categories_info` VALUES (37, 9);
INSERT INTO `hy_goods_categories_info` VALUES (38, 9);
INSERT INTO `hy_goods_categories_info` VALUES (39, 9);
INSERT INTO `hy_goods_categories_info` VALUES (40, 9);
INSERT INTO `hy_goods_categories_info` VALUES (41, 9);
INSERT INTO `hy_goods_categories_info` VALUES (42, 9);
INSERT INTO `hy_goods_categories_info` VALUES (43, 9);
INSERT INTO `hy_goods_categories_info` VALUES (44, 9);
INSERT INTO `hy_goods_categories_info` VALUES (2, 16);
INSERT INTO `hy_goods_categories_info` VALUES (2, 17);
INSERT INTO `hy_goods_categories_info` VALUES (2, 18);
INSERT INTO `hy_goods_categories_info` VALUES (2, 19);
INSERT INTO `hy_goods_categories_info` VALUES (2, 20);
INSERT INTO `hy_goods_categories_info` VALUES (2, 21);
INSERT INTO `hy_goods_categories_info` VALUES (2, 22);
INSERT INTO `hy_goods_categories_info` VALUES (2, 23);
INSERT INTO `hy_goods_categories_info` VALUES (2, 24);
INSERT INTO `hy_goods_categories_info` VALUES (2, 25);
INSERT INTO `hy_goods_categories_info` VALUES (2, 26);
INSERT INTO `hy_goods_categories_info` VALUES (2, 27);
INSERT INTO `hy_goods_categories_info` VALUES (2, 28);
INSERT INTO `hy_goods_categories_info` VALUES (2, 29);
INSERT INTO `hy_goods_categories_info` VALUES (2, 30);
INSERT INTO `hy_goods_categories_info` VALUES (2, 31);
INSERT INTO `hy_goods_categories_info` VALUES (2, 32);
INSERT INTO `hy_goods_categories_info` VALUES (2, 33);
INSERT INTO `hy_goods_categories_info` VALUES (2, 34);
INSERT INTO `hy_goods_categories_info` VALUES (2, 35);
INSERT INTO `hy_goods_categories_info` VALUES (2, 36);
INSERT INTO `hy_goods_categories_info` VALUES (7, 64);
INSERT INTO `hy_goods_categories_info` VALUES (34, 64);
INSERT INTO `hy_goods_categories_info` VALUES (35, 64);
INSERT INTO `hy_goods_categories_info` VALUES (36, 64);
INSERT INTO `hy_goods_categories_info` VALUES (37, 64);
INSERT INTO `hy_goods_categories_info` VALUES (38, 64);
INSERT INTO `hy_goods_categories_info` VALUES (39, 64);
INSERT INTO `hy_goods_categories_info` VALUES (40, 64);
INSERT INTO `hy_goods_categories_info` VALUES (41, 64);
INSERT INTO `hy_goods_categories_info` VALUES (42, 64);
INSERT INTO `hy_goods_categories_info` VALUES (43, 64);
INSERT INTO `hy_goods_categories_info` VALUES (44, 64);

-- ----------------------------
-- Table structure for hy_goods_category
-- ----------------------------
DROP TABLE IF EXISTS `hy_goods_category`;
CREATE TABLE `hy_goods_category`  (
  `id` int NOT NULL AUTO_INCREMENT,
  `parent_id` int NOT NULL DEFAULT 0,
  `title` varchar(50) CHARACTER SET utf8mb4 COLLATE utf8mb4_0900_ai_ci NOT NULL DEFAULT '' COMMENT '标题',
  `sort` int NOT NULL DEFAULT 0 COMMENT '排序',
  `logo` varchar(500) CHARACTER SET utf8mb4 COLLATE utf8mb4_0900_ai_ci NOT NULL DEFAULT '' COMMENT '分类图标',
  `status` tinyint(1) NOT NULL DEFAULT 1,
  `create_time` int NOT NULL DEFAULT 0,
  `update_time` int NOT NULL DEFAULT 0,
  `delete_time` int NULL DEFAULT NULL,
  PRIMARY KEY (`id`) USING BTREE,
  INDEX `idx_parent_id`(`id` ASC) USING BTREE
) ENGINE = InnoDB AUTO_INCREMENT = 65 CHARACTER SET = utf8mb4 COLLATE = utf8mb4_0900_ai_ci COMMENT = '商品分类' ROW_FORMAT = Dynamic;

-- ----------------------------
-- Records of hy_goods_category
-- ----------------------------
INSERT INTO `hy_goods_category` VALUES (1, 0, 'test12', 0, '/public/image/2023-03-22/d7c22a4d1baca0ae99bc4d55f1abd534.jpeg', 1, 1679477167, 1679477731, 1679477731);
INSERT INTO `hy_goods_category` VALUES (2, 0, '234234', 0, '/public/image/2023-03-22/775a83ebe950baf4c353f63855f8e808.png', 1, 1679477741, 1679477748, 1679477748);
INSERT INTO `hy_goods_category` VALUES (3, 0, '家电', 10, '/public/image/2023-03-22/d7c22a4d1baca0ae99bc4d55f1abd534.jpeg', 1, 1679535294, 1679535294, NULL);
INSERT INTO `hy_goods_category` VALUES (4, 0, '美食', 0, '/public/image/2023-03-22/775a83ebe950baf4c353f63855f8e808.png', 1, 1679535304, 1679535304, NULL);
INSERT INTO `hy_goods_category` VALUES (5, 4, '零食', 0, '/public/image/2023-03-22/775a83ebe950baf4c353f63855f8e808.png', 1, 1679535304, 1679535304, NULL);
INSERT INTO `hy_goods_category` VALUES (6, 5, '辣条', 0, '/public/image/2023-03-22/775a83ebe950baf4c353f63855f8e808.png', 1, 1679535304, 1679535304, NULL);
INSERT INTO `hy_goods_category` VALUES (7, 3, '大家电', 10, '/public/image/2023-03-22/d7c22a4d1baca0ae99bc4d55f1abd534.jpeg', 1, 1679535294, 1679535294, NULL);
INSERT INTO `hy_goods_category` VALUES (8, 7, '冰箱', 10, '/public/image/2023-03-22/d7c22a4d1baca0ae99bc4d55f1abd534.jpeg', 1, 1679535294, 1679535294, NULL);
INSERT INTO `hy_goods_category` VALUES (9, 7, '洗衣机', 10, '/public/image/2023-03-22/d7c22a4d1baca0ae99bc4d55f1abd534.jpeg', 1, 1679535294, 1679535294, NULL);
INSERT INTO `hy_goods_category` VALUES (10, 3, 'sss', 0, '', 1, 1685327556, 1685328793, 1685328793);
INSERT INTO `hy_goods_category` VALUES (11, 0, '', 0, '', 1, 1685327576, 1685327592, 1685327592);
INSERT INTO `hy_goods_category` VALUES (12, 0, '234', 0, '', 1, 1685327634, 1685327634, NULL);
INSERT INTO `hy_goods_category` VALUES (13, 12, 'ssss', 0, '/public/image/2023-03-22/775a83ebe950baf4c353f63855f8e808.png', 1, 1685328165, 1685328165, NULL);
INSERT INTO `hy_goods_category` VALUES (14, 0, '345', 0, '', 1, 1685328496, 1685328496, NULL);
INSERT INTO `hy_goods_category` VALUES (15, 14, '111', 0, '/public/image/2023-03-24/be1208ae536b6e8a368acd12099314a4.png', 1, 1685328674, 1685328674, NULL);
INSERT INTO `hy_goods_category` VALUES (16, 13, '2222', 0, '/public/image/2023-03-24/f45e58d0a0c8dad652a12ad3c7963c0d.jpeg', 1, 1685328837, 1685332976, NULL);
INSERT INTO `hy_goods_category` VALUES (17, 13, '2222', 0, '/public/image/2023-03-24/f45e58d0a0c8dad652a12ad3c7963c0d.jpeg', 1, 1685328837, 1685332976, NULL);
INSERT INTO `hy_goods_category` VALUES (18, 13, '2222', 0, '/public/image/2023-03-24/f45e58d0a0c8dad652a12ad3c7963c0d.jpeg', 1, 1685328837, 1685332976, NULL);
INSERT INTO `hy_goods_category` VALUES (19, 13, '2222', 0, '/public/image/2023-03-24/f45e58d0a0c8dad652a12ad3c7963c0d.jpeg', 1, 1685328837, 1685332976, NULL);
INSERT INTO `hy_goods_category` VALUES (20, 13, '2222', 0, '/public/image/2023-03-24/f45e58d0a0c8dad652a12ad3c7963c0d.jpeg', 1, 1685328837, 1685332976, NULL);
INSERT INTO `hy_goods_category` VALUES (21, 13, '2222', 0, '/public/image/2023-03-24/f45e58d0a0c8dad652a12ad3c7963c0d.jpeg', 1, 1685328837, 1685332976, NULL);
INSERT INTO `hy_goods_category` VALUES (22, 13, '2222', 0, '/public/image/2023-03-24/f45e58d0a0c8dad652a12ad3c7963c0d.jpeg', 1, 1685328837, 1685332976, NULL);
INSERT INTO `hy_goods_category` VALUES (23, 13, '2222', 0, '/public/image/2023-03-24/f45e58d0a0c8dad652a12ad3c7963c0d.jpeg', 1, 1685328837, 1685332976, NULL);
INSERT INTO `hy_goods_category` VALUES (24, 13, '2222', 0, '/public/image/2023-03-24/f45e58d0a0c8dad652a12ad3c7963c0d.jpeg', 1, 1685328837, 1685332976, NULL);
INSERT INTO `hy_goods_category` VALUES (25, 13, '2222', 0, '/public/image/2023-03-24/f45e58d0a0c8dad652a12ad3c7963c0d.jpeg', 1, 1685328837, 1685332976, NULL);
INSERT INTO `hy_goods_category` VALUES (26, 13, '2222', 0, '/public/image/2023-03-24/f45e58d0a0c8dad652a12ad3c7963c0d.jpeg', 1, 1685328837, 1685332976, NULL);
INSERT INTO `hy_goods_category` VALUES (27, 13, '2222', 0, '/public/image/2023-03-24/f45e58d0a0c8dad652a12ad3c7963c0d.jpeg', 1, 1685328837, 1685332976, NULL);
INSERT INTO `hy_goods_category` VALUES (28, 13, '2222', 0, '/public/image/2023-03-24/f45e58d0a0c8dad652a12ad3c7963c0d.jpeg', 1, 1685328837, 1685332976, NULL);
INSERT INTO `hy_goods_category` VALUES (29, 13, '2222', 0, '/public/image/2023-03-24/f45e58d0a0c8dad652a12ad3c7963c0d.jpeg', 1, 1685328837, 1685332976, NULL);
INSERT INTO `hy_goods_category` VALUES (30, 13, '2222', 0, '/public/image/2023-03-24/f45e58d0a0c8dad652a12ad3c7963c0d.jpeg', 1, 1685328837, 1685332976, NULL);
INSERT INTO `hy_goods_category` VALUES (31, 13, '2222', 0, '/public/image/2023-03-24/f45e58d0a0c8dad652a12ad3c7963c0d.jpeg', 1, 1685328837, 1685332976, NULL);
INSERT INTO `hy_goods_category` VALUES (32, 13, '2222', 0, '/public/image/2023-03-24/f45e58d0a0c8dad652a12ad3c7963c0d.jpeg', 1, 1685328837, 1685332976, NULL);
INSERT INTO `hy_goods_category` VALUES (33, 13, '2222', 0, '/public/image/2023-03-24/f45e58d0a0c8dad652a12ad3c7963c0d.jpeg', 1, 1685328837, 1685332976, NULL);
INSERT INTO `hy_goods_category` VALUES (34, 13, '2222', 0, '/public/image/2023-03-24/f45e58d0a0c8dad652a12ad3c7963c0d.jpeg', 1, 1685328837, 1685332976, NULL);
INSERT INTO `hy_goods_category` VALUES (35, 13, '2222', 0, '/public/image/2023-03-24/f45e58d0a0c8dad652a12ad3c7963c0d.jpeg', 1, 1685328837, 1685332976, NULL);
INSERT INTO `hy_goods_category` VALUES (36, 13, '2222', 0, '/public/image/2023-03-24/f45e58d0a0c8dad652a12ad3c7963c0d.jpeg', 1, 1685328837, 1685332976, NULL);
INSERT INTO `hy_goods_category` VALUES (37, 5, '辣条', 0, '/public/image/2023-03-22/775a83ebe950baf4c353f63855f8e808.png', 1, 1679535304, 1679535304, NULL);
INSERT INTO `hy_goods_category` VALUES (38, 5, '辣条', 0, '/public/image/2023-03-22/775a83ebe950baf4c353f63855f8e808.png', 1, 1679535304, 1679535304, NULL);
INSERT INTO `hy_goods_category` VALUES (39, 5, '辣条', 0, '/public/image/2023-03-22/775a83ebe950baf4c353f63855f8e808.png', 1, 1679535304, 1679535304, NULL);
INSERT INTO `hy_goods_category` VALUES (40, 5, '辣条', 0, '/public/image/2023-03-22/775a83ebe950baf4c353f63855f8e808.png', 1, 1679535304, 1679535304, NULL);
INSERT INTO `hy_goods_category` VALUES (41, 5, '辣条', 0, '/public/image/2023-03-22/775a83ebe950baf4c353f63855f8e808.png', 1, 1679535304, 1679535304, NULL);
INSERT INTO `hy_goods_category` VALUES (42, 5, '辣条', 0, '/public/image/2023-03-22/775a83ebe950baf4c353f63855f8e808.png', 1, 1679535304, 1679535304, NULL);
INSERT INTO `hy_goods_category` VALUES (43, 5, '辣条', 0, '/public/image/2023-03-22/775a83ebe950baf4c353f63855f8e808.png', 1, 1679535304, 1679535304, NULL);
INSERT INTO `hy_goods_category` VALUES (44, 5, '辣条', 0, '/public/image/2023-03-22/775a83ebe950baf4c353f63855f8e808.png', 1, 1679535304, 1679535304, NULL);
INSERT INTO `hy_goods_category` VALUES (45, 5, '辣条', 0, '/public/image/2023-03-22/775a83ebe950baf4c353f63855f8e808.png', 1, 1679535304, 1679535304, NULL);
INSERT INTO `hy_goods_category` VALUES (46, 5, '辣条', 0, '/public/image/2023-03-22/775a83ebe950baf4c353f63855f8e808.png', 1, 1679535304, 1679535304, NULL);
INSERT INTO `hy_goods_category` VALUES (47, 5, '辣条', 0, '/public/image/2023-03-22/775a83ebe950baf4c353f63855f8e808.png', 1, 1679535304, 1679535304, NULL);
INSERT INTO `hy_goods_category` VALUES (48, 5, '辣条', 0, '/public/image/2023-03-22/775a83ebe950baf4c353f63855f8e808.png', 1, 1679535304, 1679535304, NULL);
INSERT INTO `hy_goods_category` VALUES (49, 5, '辣条', 0, '/public/image/2023-03-22/775a83ebe950baf4c353f63855f8e808.png', 1, 1679535304, 1679535304, NULL);
INSERT INTO `hy_goods_category` VALUES (50, 5, '辣条', 0, '/public/image/2023-03-22/775a83ebe950baf4c353f63855f8e808.png', 1, 1679535304, 1679535304, NULL);
INSERT INTO `hy_goods_category` VALUES (51, 5, '辣条', 0, '/public/image/2023-03-22/775a83ebe950baf4c353f63855f8e808.png', 1, 1679535304, 1679535304, NULL);
INSERT INTO `hy_goods_category` VALUES (52, 5, '辣条', 0, '/public/image/2023-03-22/775a83ebe950baf4c353f63855f8e808.png', 1, 1679535304, 1679535304, NULL);
INSERT INTO `hy_goods_category` VALUES (53, 5, '辣条', 0, '/public/image/2023-03-22/775a83ebe950baf4c353f63855f8e808.png', 1, 1679535304, 1679535304, NULL);
INSERT INTO `hy_goods_category` VALUES (54, 5, '辣条', 0, '/public/image/2023-03-22/775a83ebe950baf4c353f63855f8e808.png', 1, 1679535304, 1679535304, NULL);
INSERT INTO `hy_goods_category` VALUES (55, 5, '辣条', 0, '/public/image/2023-03-22/775a83ebe950baf4c353f63855f8e808.png', 1, 1679535304, 1679535304, NULL);
INSERT INTO `hy_goods_category` VALUES (56, 5, '辣条', 0, '/public/image/2023-03-22/775a83ebe950baf4c353f63855f8e808.png', 1, 1679535304, 1679535304, NULL);
INSERT INTO `hy_goods_category` VALUES (57, 5, '辣条', 0, '/public/image/2023-03-22/775a83ebe950baf4c353f63855f8e808.png', 1, 1679535304, 1679535304, NULL);
INSERT INTO `hy_goods_category` VALUES (58, 5, '辣条', 0, '/public/image/2023-03-22/775a83ebe950baf4c353f63855f8e808.png', 1, 1679535304, 1679535304, NULL);
INSERT INTO `hy_goods_category` VALUES (59, 5, '辣条', 0, '/public/image/2023-03-22/775a83ebe950baf4c353f63855f8e808.png', 1, 1679535304, 1679535304, NULL);
INSERT INTO `hy_goods_category` VALUES (60, 5, '辣条', 0, '/public/image/2023-03-22/775a83ebe950baf4c353f63855f8e808.png', 1, 1679535304, 1679535304, NULL);
INSERT INTO `hy_goods_category` VALUES (61, 5, '辣条', 0, '/public/image/2023-03-22/775a83ebe950baf4c353f63855f8e808.png', 1, 1679535304, 1679535304, NULL);
INSERT INTO `hy_goods_category` VALUES (62, 5, '辣条', 0, '/public/image/2023-03-22/775a83ebe950baf4c353f63855f8e808.png', 1, 1679535304, 1679535304, NULL);
INSERT INTO `hy_goods_category` VALUES (63, 3, '小家电', 10, '/public/image/2023-03-22/d7c22a4d1baca0ae99bc4d55f1abd534.jpeg', 1, 1679535294, 1679535294, NULL);
INSERT INTO `hy_goods_category` VALUES (64, 63, '洗衣机', 10, '/public/image/2023-03-22/d7c22a4d1baca0ae99bc4d55f1abd534.jpeg', 1, 1679535294, 1679535294, NULL);

-- ----------------------------
-- Table structure for hy_goods_sku
-- ----------------------------
DROP TABLE IF EXISTS `hy_goods_sku`;
CREATE TABLE `hy_goods_sku`  (
  `id` int NOT NULL AUTO_INCREMENT,
  `goods_id` int NOT NULL DEFAULT 0 COMMENT '商品id',
  `specs_id` varchar(500) CHARACTER SET utf8mb4 COLLATE utf8mb4_0900_ai_ci NOT NULL DEFAULT '',
  `image` varchar(500) CHARACTER SET utf8mb4 COLLATE utf8mb4_0900_ai_ci NOT NULL DEFAULT '' COMMENT '商品图片',
  `price` decimal(10, 2) NOT NULL DEFAULT 0.00 COMMENT '售价',
  `market_price` decimal(10, 2) NOT NULL DEFAULT 0.00 COMMENT '成本价',
  `cost_price` decimal(10, 2) NOT NULL DEFAULT 0.00 COMMENT '原价',
  `stock` int NOT NULL DEFAULT 0 COMMENT '成本价',
  `weight` int NOT NULL DEFAULT 0 COMMENT '重量',
  `volume` int NOT NULL DEFAULT 0 COMMENT '体积',
  `product_id` varchar(100) CHARACTER SET utf8mb4 COLLATE utf8mb4_0900_ai_ci NOT NULL DEFAULT '',
  `status` tinyint(1) NOT NULL DEFAULT 1,
  `create_time` int NOT NULL DEFAULT 0,
  `update_time` int NOT NULL DEFAULT 0,
  `delete_time` int NULL DEFAULT NULL,
  PRIMARY KEY (`id`) USING BTREE
) ENGINE = InnoDB AUTO_INCREMENT = 145 CHARACTER SET = utf8mb4 COLLATE = utf8mb4_0900_ai_ci COMMENT = '商品sku表' ROW_FORMAT = Dynamic;

-- ----------------------------
-- Records of hy_goods_sku
-- ----------------------------
INSERT INTO `hy_goods_sku` VALUES (1, 1, '', '/public/image/2023-03-22/d7c22a4d1baca0ae99bc4d55f1abd534.jpeg', 1.00, 3.00, 2.00, 4, 0, 0, '', 1, 1680315459, 1680315459, NULL);
INSERT INTO `hy_goods_sku` VALUES (2, 1, '', '/public/image/2023-03-22/d7c22a4d1baca0ae99bc4d55f1abd534.jpeg', 1.00, 3.00, 2.00, 4, 0, 0, '', 1, 1680315459, 1680315459, NULL);
INSERT INTO `hy_goods_sku` VALUES (3, 1, '', '/public/image/2023-03-22/d7c22a4d1baca0ae99bc4d55f1abd534.jpeg', 1.00, 3.00, 2.00, 4, 0, 0, '', 1, 1680315459, 1680315459, NULL);
INSERT INTO `hy_goods_sku` VALUES (4, 1, '', '/public/image/2023-03-22/d7c22a4d1baca0ae99bc4d55f1abd534.jpeg', 1.00, 3.00, 2.00, 4, 0, 0, '', 1, 1680315459, 1680315459, NULL);
INSERT INTO `hy_goods_sku` VALUES (5, 1, '', '/public/image/2023-03-22/d7c22a4d1baca0ae99bc4d55f1abd534.jpeg', 1.00, 3.00, 2.00, 4, 0, 0, '', 1, 1680315459, 1680315459, NULL);
INSERT INTO `hy_goods_sku` VALUES (6, 1, '', '/public/image/2023-03-22/d7c22a4d1baca0ae99bc4d55f1abd534.jpeg', 1.00, 3.00, 2.00, 4, 0, 0, '', 1, 1680315459, 1680315459, NULL);
INSERT INTO `hy_goods_sku` VALUES (7, 1, '', '/public/image/2023-03-22/d7c22a4d1baca0ae99bc4d55f1abd534.jpeg', 1.00, 3.00, 2.00, 4, 0, 0, '', 1, 1680315459, 1680315459, NULL);
INSERT INTO `hy_goods_sku` VALUES (8, 1, '', '/public/image/2023-03-22/d7c22a4d1baca0ae99bc4d55f1abd534.jpeg', 1.00, 3.00, 2.00, 4, 0, 0, '', 1, 1680315459, 1680315459, NULL);
INSERT INTO `hy_goods_sku` VALUES (9, 1, '', '/public/image/2023-03-22/d7c22a4d1baca0ae99bc4d55f1abd534.jpeg', 1.00, 3.00, 2.00, 4, 0, 0, '', 1, 1680315459, 1680315459, NULL);
INSERT INTO `hy_goods_sku` VALUES (10, 1, '', '/public/image/2023-03-22/d7c22a4d1baca0ae99bc4d55f1abd534.jpeg', 1.00, 3.00, 2.00, 4, 0, 0, '', 1, 1680315459, 1680315459, NULL);
INSERT INTO `hy_goods_sku` VALUES (11, 1, '', '/public/image/2023-03-22/d7c22a4d1baca0ae99bc4d55f1abd534.jpeg', 1.00, 3.00, 2.00, 4, 0, 0, '', 1, 1680315459, 1680315459, NULL);
INSERT INTO `hy_goods_sku` VALUES (12, 1, '', '/public/image/2023-03-22/d7c22a4d1baca0ae99bc4d55f1abd534.jpeg', 1.00, 3.00, 2.00, 4, 0, 0, '', 1, 1680315459, 1680315459, NULL);
INSERT INTO `hy_goods_sku` VALUES (13, 1, '', '/public/image/2023-03-22/d7c22a4d1baca0ae99bc4d55f1abd534.jpeg', 1.00, 3.00, 2.00, 4, 0, 0, '', 1, 1680315459, 1680315459, NULL);
INSERT INTO `hy_goods_sku` VALUES (14, 1, '', '/public/image/2023-03-22/d7c22a4d1baca0ae99bc4d55f1abd534.jpeg', 1.00, 3.00, 2.00, 4, 0, 0, '', 1, 1680315459, 1680315459, NULL);
INSERT INTO `hy_goods_sku` VALUES (15, 1, '', '/public/image/2023-03-22/d7c22a4d1baca0ae99bc4d55f1abd534.jpeg', 1.00, 3.00, 2.00, 4, 0, 0, '', 1, 1680315459, 1680315459, NULL);
INSERT INTO `hy_goods_sku` VALUES (16, 1, '', '/public/image/2023-03-22/d7c22a4d1baca0ae99bc4d55f1abd534.jpeg', 1.00, 3.00, 2.00, 4, 0, 0, '', 1, 1680315459, 1680315459, NULL);
INSERT INTO `hy_goods_sku` VALUES (17, 2, '27,23', '/public/image/2023-03-22/775a83ebe950baf4c353f63855f8e808.png', 1.00, 3.00, 2.00, 4, 0, 0, '', 1, 1680504169, 1680509484, 1680509484);
INSERT INTO `hy_goods_sku` VALUES (18, 2, '27,22', '/public/image/2023-03-22/775a83ebe950baf4c353f63855f8e808.png', 1.00, 3.00, 2.00, 4, 0, 0, '', 1, 1680504169, 1680509484, 1680509484);
INSERT INTO `hy_goods_sku` VALUES (19, 2, '27,21', '/public/image/2023-03-22/775a83ebe950baf4c353f63855f8e808.png', 1.00, 3.00, 2.00, 4, 0, 0, '', 1, 1680504169, 1680509484, 1680509484);
INSERT INTO `hy_goods_sku` VALUES (20, 2, '26,23', '/public/image/2023-03-22/775a83ebe950baf4c353f63855f8e808.png', 1.00, 3.00, 2.00, 4, 0, 0, '', 1, 1680504169, 1680509484, 1680509484);
INSERT INTO `hy_goods_sku` VALUES (21, 2, '26,22', '/public/image/2023-03-22/775a83ebe950baf4c353f63855f8e808.png', 1.00, 3.00, 2.00, 4, 0, 0, '', 1, 1680504169, 1680509484, 1680509484);
INSERT INTO `hy_goods_sku` VALUES (22, 2, '26,21', '/public/image/2023-03-22/775a83ebe950baf4c353f63855f8e808.png', 1.00, 3.00, 2.00, 4, 0, 0, '', 1, 1680504169, 1680509484, 1680509484);
INSERT INTO `hy_goods_sku` VALUES (23, 2, '25,23', '/public/image/2023-03-22/775a83ebe950baf4c353f63855f8e808.png', 1.00, 3.00, 10.00, 4, 0, 0, '', 1, 1680504169, 1680509484, 1680509484);
INSERT INTO `hy_goods_sku` VALUES (24, 2, '25,22', '/public/image/2023-03-22/775a83ebe950baf4c353f63855f8e808.png', 1.00, 3.00, 2.00, 4, 0, 0, '', 1, 1680504169, 1680509484, 1680509484);
INSERT INTO `hy_goods_sku` VALUES (25, 2, '25,21', '/public/image/2023-03-22/775a83ebe950baf4c353f63855f8e808.png', 1.00, 3.00, 2.00, 4, 0, 0, '', 1, 1680504169, 1680509484, 1680509484);
INSERT INTO `hy_goods_sku` VALUES (27, 6, '', '/public/image/2023-03-22/775a83ebe950baf4c353f63855f8e808.png', 1.00, 10.00, 1.00, 20, 0, 0, '', 1, 1685517107, 1685517107, NULL);
INSERT INTO `hy_goods_sku` VALUES (28, 2, '21,25,9', '/public/image/2023-03-22/d7c22a4d1baca0ae99bc4d55f1abd534.jpeg', 1.00, 3.00, 2.00, 10, 0, 0, '', 1, 1685518897, 1685518897, NULL);
INSERT INTO `hy_goods_sku` VALUES (29, 2, '21,25,8', '/public/image/2023-03-22/d7c22a4d1baca0ae99bc4d55f1abd534.jpeg', 1.00, 3.00, 2.00, 10, 0, 0, '', 1, 1685518897, 1685518897, NULL);
INSERT INTO `hy_goods_sku` VALUES (30, 2, '21,25,7', '/public/image/2023-03-22/d7c22a4d1baca0ae99bc4d55f1abd534.jpeg', 1.00, 3.00, 2.00, 10, 0, 0, '', 1, 1685518897, 1685518897, NULL);
INSERT INTO `hy_goods_sku` VALUES (31, 2, '21,26,9', '/public/image/2023-03-22/d7c22a4d1baca0ae99bc4d55f1abd534.jpeg', 1.00, 3.00, 2.00, 10, 0, 0, '', 1, 1685518897, 1685518897, NULL);
INSERT INTO `hy_goods_sku` VALUES (32, 2, '21,26,8', '/public/image/2023-03-22/d7c22a4d1baca0ae99bc4d55f1abd534.jpeg', 1.00, 3.00, 2.00, 10, 0, 0, '', 1, 1685518897, 1685518897, NULL);
INSERT INTO `hy_goods_sku` VALUES (33, 2, '21,26,7', '/public/image/2023-03-22/d7c22a4d1baca0ae99bc4d55f1abd534.jpeg', 1.00, 3.00, 2.00, 10, 0, 0, '', 1, 1685518897, 1685518897, NULL);
INSERT INTO `hy_goods_sku` VALUES (34, 2, '21,27,9', '/public/image/2023-03-22/d7c22a4d1baca0ae99bc4d55f1abd534.jpeg', 1.00, 3.00, 2.00, 10, 0, 0, '', 1, 1685518897, 1685518897, NULL);
INSERT INTO `hy_goods_sku` VALUES (35, 2, '21,27,8', '/public/image/2023-03-22/d7c22a4d1baca0ae99bc4d55f1abd534.jpeg', 1.00, 3.00, 2.00, 10, 0, 0, '', 1, 1685518897, 1685518897, NULL);
INSERT INTO `hy_goods_sku` VALUES (36, 2, '21,27,7', '/public/image/2023-03-22/d7c22a4d1baca0ae99bc4d55f1abd534.jpeg', 1.00, 3.00, 2.00, 10, 0, 0, '', 1, 1685518897, 1685518897, NULL);
INSERT INTO `hy_goods_sku` VALUES (37, 2, '21,24,9', '/public/image/2023-03-22/d7c22a4d1baca0ae99bc4d55f1abd534.jpeg', 1.00, 3.00, 2.00, 10, 0, 0, '', 1, 1685518897, 1685518897, NULL);
INSERT INTO `hy_goods_sku` VALUES (38, 2, '21,24,8', '/public/image/2023-03-22/d7c22a4d1baca0ae99bc4d55f1abd534.jpeg', 1.00, 3.00, 2.00, 10, 0, 0, '', 1, 1685518897, 1685518897, NULL);
INSERT INTO `hy_goods_sku` VALUES (39, 2, '21,24,7', '/public/image/2023-03-22/d7c22a4d1baca0ae99bc4d55f1abd534.jpeg', 1.00, 3.00, 2.00, 10, 0, 0, '', 1, 1685518897, 1685518897, NULL);
INSERT INTO `hy_goods_sku` VALUES (40, 2, '22,25,9', '/public/image/2023-03-22/d7c22a4d1baca0ae99bc4d55f1abd534.jpeg', 1.00, 3.00, 2.00, 10, 0, 0, '', 1, 1685518897, 1685518897, NULL);
INSERT INTO `hy_goods_sku` VALUES (41, 2, '22,25,8', '/public/image/2023-03-22/d7c22a4d1baca0ae99bc4d55f1abd534.jpeg', 1.00, 3.00, 2.00, 10, 0, 0, '', 1, 1685518897, 1685518897, NULL);
INSERT INTO `hy_goods_sku` VALUES (42, 2, '22,25,7', '/public/image/2023-03-22/d7c22a4d1baca0ae99bc4d55f1abd534.jpeg', 1.00, 3.00, 2.00, 10, 0, 0, '', 1, 1685518897, 1685518897, NULL);
INSERT INTO `hy_goods_sku` VALUES (43, 2, '22,26,9', '/public/image/2023-03-22/d7c22a4d1baca0ae99bc4d55f1abd534.jpeg', 1.00, 3.00, 2.00, 10, 0, 0, '', 1, 1685518897, 1685518897, NULL);
INSERT INTO `hy_goods_sku` VALUES (44, 2, '22,26,8', '/public/image/2023-03-22/d7c22a4d1baca0ae99bc4d55f1abd534.jpeg', 1.00, 3.00, 2.00, 10, 0, 0, '', 1, 1685518897, 1685518897, NULL);
INSERT INTO `hy_goods_sku` VALUES (45, 2, '22,26,7', '/public/image/2023-03-22/d7c22a4d1baca0ae99bc4d55f1abd534.jpeg', 1.00, 3.00, 2.00, 10, 0, 0, '', 1, 1685518897, 1685518897, NULL);
INSERT INTO `hy_goods_sku` VALUES (46, 2, '22,27,9', '/public/image/2023-03-22/d7c22a4d1baca0ae99bc4d55f1abd534.jpeg', 1.00, 3.00, 2.00, 10, 0, 0, '', 1, 1685518897, 1685518897, NULL);
INSERT INTO `hy_goods_sku` VALUES (47, 2, '22,27,8', '/public/image/2023-03-22/d7c22a4d1baca0ae99bc4d55f1abd534.jpeg', 1.00, 3.00, 2.00, 10, 0, 0, '', 1, 1685518897, 1685518897, NULL);
INSERT INTO `hy_goods_sku` VALUES (48, 2, '22,27,7', '/public/image/2023-03-22/d7c22a4d1baca0ae99bc4d55f1abd534.jpeg', 1.00, 3.00, 2.00, 10, 0, 0, '', 1, 1685518897, 1685518897, NULL);
INSERT INTO `hy_goods_sku` VALUES (49, 2, '22,24,9', '/public/image/2023-03-22/d7c22a4d1baca0ae99bc4d55f1abd534.jpeg', 1.00, 3.00, 2.00, 10, 0, 0, '', 1, 1685518897, 1685518897, NULL);
INSERT INTO `hy_goods_sku` VALUES (50, 2, '22,24,8', '/public/image/2023-03-22/d7c22a4d1baca0ae99bc4d55f1abd534.jpeg', 1.00, 3.00, 2.00, 10, 0, 0, '', 1, 1685518897, 1685518897, NULL);
INSERT INTO `hy_goods_sku` VALUES (51, 2, '22,24,7', '/public/image/2023-03-22/d7c22a4d1baca0ae99bc4d55f1abd534.jpeg', 1.00, 3.00, 2.00, 10, 0, 0, '', 1, 1685518897, 1685518897, NULL);
INSERT INTO `hy_goods_sku` VALUES (52, 2, '23,25,9', '/public/image/2023-03-22/d7c22a4d1baca0ae99bc4d55f1abd534.jpeg', 1.00, 3.00, 2.00, 10, 0, 0, '', 1, 1685518897, 1685518897, NULL);
INSERT INTO `hy_goods_sku` VALUES (53, 2, '23,25,8', '/public/image/2023-03-22/d7c22a4d1baca0ae99bc4d55f1abd534.jpeg', 1.00, 3.00, 2.00, 10, 0, 0, '', 1, 1685518897, 1685518897, NULL);
INSERT INTO `hy_goods_sku` VALUES (54, 2, '23,25,7', '/public/image/2023-03-22/d7c22a4d1baca0ae99bc4d55f1abd534.jpeg', 1.00, 3.00, 2.00, 10, 0, 0, '', 1, 1685518897, 1685518897, NULL);
INSERT INTO `hy_goods_sku` VALUES (55, 2, '23,26,9', '/public/image/2023-03-22/d7c22a4d1baca0ae99bc4d55f1abd534.jpeg', 1.00, 3.00, 2.00, 10, 0, 0, '', 1, 1685518897, 1685518897, NULL);
INSERT INTO `hy_goods_sku` VALUES (56, 2, '23,26,8', '/public/image/2023-03-22/d7c22a4d1baca0ae99bc4d55f1abd534.jpeg', 1.00, 3.00, 2.00, 10, 0, 0, '', 1, 1685518897, 1685518897, NULL);
INSERT INTO `hy_goods_sku` VALUES (57, 2, '23,26,7', '/public/image/2023-03-22/d7c22a4d1baca0ae99bc4d55f1abd534.jpeg', 1.00, 3.00, 2.00, 10, 0, 0, '', 1, 1685518897, 1685518897, NULL);
INSERT INTO `hy_goods_sku` VALUES (58, 2, '23,27,9', '/public/image/2023-03-22/d7c22a4d1baca0ae99bc4d55f1abd534.jpeg', 1.00, 3.00, 2.00, 10, 0, 0, '', 1, 1685518897, 1685518897, NULL);
INSERT INTO `hy_goods_sku` VALUES (59, 2, '23,27,8', '/public/image/2023-03-22/d7c22a4d1baca0ae99bc4d55f1abd534.jpeg', 1.00, 3.00, 2.00, 10, 0, 0, '', 1, 1685518897, 1685518897, NULL);
INSERT INTO `hy_goods_sku` VALUES (60, 2, '23,27,7', '/public/image/2023-03-22/d7c22a4d1baca0ae99bc4d55f1abd534.jpeg', 1.00, 3.00, 2.00, 10, 0, 0, '', 1, 1685518897, 1685518897, NULL);
INSERT INTO `hy_goods_sku` VALUES (61, 2, '23,24,9', '/public/image/2023-03-22/d7c22a4d1baca0ae99bc4d55f1abd534.jpeg', 1.00, 3.00, 2.00, 10, 0, 0, '', 1, 1685518897, 1685518897, NULL);
INSERT INTO `hy_goods_sku` VALUES (62, 2, '23,24,8', '/public/image/2023-03-22/d7c22a4d1baca0ae99bc4d55f1abd534.jpeg', 1.00, 3.00, 2.00, 10, 0, 0, '', 1, 1685518897, 1685518897, NULL);
INSERT INTO `hy_goods_sku` VALUES (63, 2, '23,24,7', '/public/image/2023-03-22/d7c22a4d1baca0ae99bc4d55f1abd534.jpeg', 1.00, 3.00, 2.00, 10, 0, 0, '', 1, 1685518897, 1685518897, NULL);
INSERT INTO `hy_goods_sku` VALUES (64, 2, '20,25,9', '/public/image/2023-03-22/d7c22a4d1baca0ae99bc4d55f1abd534.jpeg', 1.00, 3.00, 2.00, 10, 0, 0, '', 1, 1685518897, 1685518897, NULL);
INSERT INTO `hy_goods_sku` VALUES (65, 2, '20,25,8', '/public/image/2023-03-22/d7c22a4d1baca0ae99bc4d55f1abd534.jpeg', 1.00, 3.00, 2.00, 10, 0, 0, '', 1, 1685518897, 1685518897, NULL);
INSERT INTO `hy_goods_sku` VALUES (66, 2, '20,25,7', '/public/image/2023-03-22/d7c22a4d1baca0ae99bc4d55f1abd534.jpeg', 1.00, 3.00, 2.00, 10, 0, 0, '', 1, 1685518897, 1685518897, NULL);
INSERT INTO `hy_goods_sku` VALUES (67, 2, '20,26,9', '/public/image/2023-03-22/d7c22a4d1baca0ae99bc4d55f1abd534.jpeg', 1.00, 3.00, 2.00, 10, 0, 0, '', 1, 1685518897, 1685518897, NULL);
INSERT INTO `hy_goods_sku` VALUES (68, 2, '20,26,8', '/public/image/2023-03-22/d7c22a4d1baca0ae99bc4d55f1abd534.jpeg', 1.00, 3.00, 2.00, 10, 0, 0, '', 1, 1685518897, 1685518897, NULL);
INSERT INTO `hy_goods_sku` VALUES (69, 2, '20,26,7', '/public/image/2023-03-22/d7c22a4d1baca0ae99bc4d55f1abd534.jpeg', 1.00, 3.00, 2.00, 10, 0, 0, '', 1, 1685518897, 1685518897, NULL);
INSERT INTO `hy_goods_sku` VALUES (70, 2, '20,27,9', '/public/image/2023-03-22/d7c22a4d1baca0ae99bc4d55f1abd534.jpeg', 1.00, 3.00, 2.00, 10, 0, 0, '', 1, 1685518897, 1685518897, NULL);
INSERT INTO `hy_goods_sku` VALUES (71, 2, '20,27,8', '/public/image/2023-03-22/d7c22a4d1baca0ae99bc4d55f1abd534.jpeg', 1.00, 3.00, 2.00, 10, 0, 0, '', 1, 1685518897, 1685518897, NULL);
INSERT INTO `hy_goods_sku` VALUES (72, 2, '20,27,7', '/public/image/2023-03-22/d7c22a4d1baca0ae99bc4d55f1abd534.jpeg', 1.00, 3.00, 2.00, 10, 0, 0, '', 1, 1685518897, 1685518897, NULL);
INSERT INTO `hy_goods_sku` VALUES (73, 2, '20,24,9', '/public/image/2023-03-22/d7c22a4d1baca0ae99bc4d55f1abd534.jpeg', 1.00, 3.00, 2.00, 10, 0, 0, '', 1, 1685518897, 1685518897, NULL);
INSERT INTO `hy_goods_sku` VALUES (74, 2, '20,24,8', '/public/image/2023-03-22/d7c22a4d1baca0ae99bc4d55f1abd534.jpeg', 1.00, 3.00, 2.00, 10, 0, 0, '', 1, 1685518897, 1685518897, NULL);
INSERT INTO `hy_goods_sku` VALUES (75, 2, '20,24,7', '/public/image/2023-03-22/d7c22a4d1baca0ae99bc4d55f1abd534.jpeg', 1.00, 3.00, 2.00, 10, 0, 0, '', 1, 1685518897, 1685518897, NULL);
INSERT INTO `hy_goods_sku` VALUES (76, 6, '', '/public/image/2023-03-22/775a83ebe950baf4c353f63855f8e808.png', 1.00, 10.00, 1.00, 20, 0, 0, '', 1, 1685517107, 1685517107, NULL);
INSERT INTO `hy_goods_sku` VALUES (77, 6, '', '/public/image/2023-03-22/775a83ebe950baf4c353f63855f8e808.png', 1.00, 10.00, 1.00, 20, 0, 0, '', 1, 1685517107, 1685517107, NULL);
INSERT INTO `hy_goods_sku` VALUES (78, 6, '', '/public/image/2023-03-22/775a83ebe950baf4c353f63855f8e808.png', 1.00, 10.00, 1.00, 20, 0, 0, '', 1, 1685517107, 1685517107, NULL);
INSERT INTO `hy_goods_sku` VALUES (79, 6, '', '/public/image/2023-03-22/775a83ebe950baf4c353f63855f8e808.png', 1.00, 10.00, 1.00, 20, 0, 0, '', 1, 1685517107, 1685517107, NULL);
INSERT INTO `hy_goods_sku` VALUES (80, 6, '', '/public/image/2023-03-22/775a83ebe950baf4c353f63855f8e808.png', 1.00, 10.00, 1.00, 20, 0, 0, '', 1, 1685517107, 1685517107, NULL);
INSERT INTO `hy_goods_sku` VALUES (81, 6, '', '/public/image/2023-03-22/775a83ebe950baf4c353f63855f8e808.png', 1.00, 10.00, 1.00, 20, 0, 0, '', 1, 1685517107, 1685517107, NULL);
INSERT INTO `hy_goods_sku` VALUES (82, 6, '', '/public/image/2023-03-22/775a83ebe950baf4c353f63855f8e808.png', 1.00, 10.00, 1.00, 20, 0, 0, '', 1, 1685517107, 1685517107, NULL);
INSERT INTO `hy_goods_sku` VALUES (83, 7, '32', '/public/image/2023-05-31/b473f5406774e2d701628e37c760cf54.jpeg', 100.00, 30.00, 120.00, 30, 0, 0, '', 1, 1685518888, 1685518888, NULL);
INSERT INTO `hy_goods_sku` VALUES (84, 7, '31', '/public/image/2023-05-31/8436c5e4b0c38c00a71b8bcce254bdab.jpeg', 100.00, 30.00, 120.00, 30, 0, 0, '', 1, 1685518888, 1685518888, NULL);
INSERT INTO `hy_goods_sku` VALUES (85, 7, '30', '/public/image/2023-05-31/b473f5406774e2d701628e37c760cf54.jpeg', 100.00, 30.00, 120.00, 30, 0, 0, '', 1, 1685518888, 1685518888, NULL);
INSERT INTO `hy_goods_sku` VALUES (86, 7, '29', '/public/image/2023-05-31/355634426104ba260d52468ec9d11f83.jpeg', 100.00, 30.00, 120.00, 30, 0, 0, '', 1, 1685518888, 1685518888, NULL);
INSERT INTO `hy_goods_sku` VALUES (87, 7, '28', '/public/image/2023-05-31/b473f5406774e2d701628e37c760cf54.jpeg', 100.00, 30.00, 120.00, 30, 0, 0, '', 1, 1685518888, 1685518888, NULL);
INSERT INTO `hy_goods_sku` VALUES (88, 6, '', '/public/image/2023-03-22/775a83ebe950baf4c353f63855f8e808.png', 1.00, 10.00, 1.00, 20, 0, 0, '', 1, 1685517107, 1685517107, NULL);
INSERT INTO `hy_goods_sku` VALUES (89, 6, '', '/public/image/2023-03-22/775a83ebe950baf4c353f63855f8e808.png', 1.00, 10.00, 1.00, 20, 0, 0, '', 1, 1685517107, 1685517107, NULL);
INSERT INTO `hy_goods_sku` VALUES (90, 34, '28', '/public/image/2023-05-31/b473f5406774e2d701628e37c760cf54.jpeg', 100.00, 30.00, 120.00, 30, 0, 0, '', 1, 1685523135, 1685523135, NULL);
INSERT INTO `hy_goods_sku` VALUES (91, 34, '29', '/public/image/2023-05-31/355634426104ba260d52468ec9d11f83.jpeg', 100.00, 30.00, 120.00, 30, 0, 0, '', 1, 1685523135, 1685523135, NULL);
INSERT INTO `hy_goods_sku` VALUES (92, 34, '30', '/public/image/2023-05-31/b473f5406774e2d701628e37c760cf54.jpeg', 100.00, 30.00, 120.00, 30, 0, 0, '', 1, 1685523135, 1685523135, NULL);
INSERT INTO `hy_goods_sku` VALUES (93, 34, '31', '/public/image/2023-05-31/8436c5e4b0c38c00a71b8bcce254bdab.jpeg', 100.00, 30.00, 120.00, 30, 0, 0, '', 1, 1685523135, 1685523135, NULL);
INSERT INTO `hy_goods_sku` VALUES (94, 34, '32', '/public/image/2023-05-31/b473f5406774e2d701628e37c760cf54.jpeg', 100.00, 30.00, 120.00, 30, 0, 0, '', 1, 1685523135, 1685523135, NULL);
INSERT INTO `hy_goods_sku` VALUES (95, 35, '32', '/public/image/2023-05-31/b473f5406774e2d701628e37c760cf54.jpeg', 100.00, 30.00, 120.00, 30, 0, 0, '', 1, 1685523152, 1685523152, NULL);
INSERT INTO `hy_goods_sku` VALUES (96, 35, '31', '/public/image/2023-05-31/8436c5e4b0c38c00a71b8bcce254bdab.jpeg', 100.00, 30.00, 120.00, 30, 0, 0, '', 1, 1685523152, 1685523152, NULL);
INSERT INTO `hy_goods_sku` VALUES (97, 35, '30', '/public/image/2023-05-31/b473f5406774e2d701628e37c760cf54.jpeg', 100.00, 30.00, 120.00, 30, 0, 0, '', 1, 1685523152, 1685523152, NULL);
INSERT INTO `hy_goods_sku` VALUES (98, 35, '29', '/public/image/2023-05-31/355634426104ba260d52468ec9d11f83.jpeg', 100.00, 30.00, 120.00, 30, 0, 0, '', 1, 1685523152, 1685523152, NULL);
INSERT INTO `hy_goods_sku` VALUES (99, 35, '28', '/public/image/2023-05-31/b473f5406774e2d701628e37c760cf54.jpeg', 100.00, 30.00, 120.00, 30, 0, 0, '', 1, 1685523152, 1685523152, NULL);
INSERT INTO `hy_goods_sku` VALUES (100, 36, '28', '/public/image/2023-05-31/b473f5406774e2d701628e37c760cf54.jpeg', 100.00, 30.00, 120.00, 30, 0, 0, '', 1, 1685523187, 1685523187, NULL);
INSERT INTO `hy_goods_sku` VALUES (101, 36, '29', '/public/image/2023-05-31/355634426104ba260d52468ec9d11f83.jpeg', 100.00, 30.00, 120.00, 30, 0, 0, '', 1, 1685523187, 1685523187, NULL);
INSERT INTO `hy_goods_sku` VALUES (102, 36, '30', '/public/image/2023-05-31/b473f5406774e2d701628e37c760cf54.jpeg', 100.00, 30.00, 120.00, 30, 0, 0, '', 1, 1685523187, 1685523187, NULL);
INSERT INTO `hy_goods_sku` VALUES (103, 36, '31', '/public/image/2023-05-31/8436c5e4b0c38c00a71b8bcce254bdab.jpeg', 100.00, 30.00, 120.00, 30, 0, 0, '', 1, 1685523187, 1685523187, NULL);
INSERT INTO `hy_goods_sku` VALUES (104, 36, '32', '/public/image/2023-05-31/b473f5406774e2d701628e37c760cf54.jpeg', 100.00, 30.00, 120.00, 30, 0, 0, '', 1, 1685523187, 1685523187, NULL);
INSERT INTO `hy_goods_sku` VALUES (105, 37, '32', '/public/image/2023-05-31/b473f5406774e2d701628e37c760cf54.jpeg', 100.00, 30.00, 120.00, 30, 0, 0, '', 1, 1685523224, 1685523224, NULL);
INSERT INTO `hy_goods_sku` VALUES (106, 37, '31', '/public/image/2023-05-31/8436c5e4b0c38c00a71b8bcce254bdab.jpeg', 100.00, 30.00, 120.00, 30, 0, 0, '', 1, 1685523224, 1685523224, NULL);
INSERT INTO `hy_goods_sku` VALUES (107, 37, '30', '/public/image/2023-05-31/b473f5406774e2d701628e37c760cf54.jpeg', 100.00, 30.00, 120.00, 30, 0, 0, '', 1, 1685523224, 1685523224, NULL);
INSERT INTO `hy_goods_sku` VALUES (108, 37, '29', '/public/image/2023-05-31/355634426104ba260d52468ec9d11f83.jpeg', 100.00, 30.00, 120.00, 30, 0, 0, '', 1, 1685523224, 1685523224, NULL);
INSERT INTO `hy_goods_sku` VALUES (109, 37, '28', '/public/image/2023-05-31/b473f5406774e2d701628e37c760cf54.jpeg', 100.00, 30.00, 120.00, 30, 0, 0, '', 1, 1685523224, 1685523224, NULL);
INSERT INTO `hy_goods_sku` VALUES (110, 38, '28', '/public/image/2023-05-31/b473f5406774e2d701628e37c760cf54.jpeg', 100.00, 30.00, 120.00, 30, 0, 0, '', 1, 1685523230, 1685523230, NULL);
INSERT INTO `hy_goods_sku` VALUES (111, 38, '29', '/public/image/2023-05-31/355634426104ba260d52468ec9d11f83.jpeg', 100.00, 30.00, 120.00, 30, 0, 0, '', 1, 1685523230, 1685523230, NULL);
INSERT INTO `hy_goods_sku` VALUES (112, 38, '30', '/public/image/2023-05-31/b473f5406774e2d701628e37c760cf54.jpeg', 100.00, 30.00, 120.00, 30, 0, 0, '', 1, 1685523230, 1685523230, NULL);
INSERT INTO `hy_goods_sku` VALUES (113, 38, '31', '/public/image/2023-05-31/8436c5e4b0c38c00a71b8bcce254bdab.jpeg', 100.00, 30.00, 120.00, 30, 0, 0, '', 1, 1685523230, 1685523230, NULL);
INSERT INTO `hy_goods_sku` VALUES (114, 38, '32', '/public/image/2023-05-31/b473f5406774e2d701628e37c760cf54.jpeg', 100.00, 30.00, 120.00, 30, 0, 0, '', 1, 1685523230, 1685523230, NULL);
INSERT INTO `hy_goods_sku` VALUES (115, 39, '32', '/public/image/2023-05-31/b473f5406774e2d701628e37c760cf54.jpeg', 100.00, 30.00, 120.00, 30, 0, 0, '', 1, 1685523232, 1685523232, NULL);
INSERT INTO `hy_goods_sku` VALUES (116, 39, '31', '/public/image/2023-05-31/8436c5e4b0c38c00a71b8bcce254bdab.jpeg', 100.00, 30.00, 120.00, 30, 0, 0, '', 1, 1685523232, 1685523232, NULL);
INSERT INTO `hy_goods_sku` VALUES (117, 39, '30', '/public/image/2023-05-31/b473f5406774e2d701628e37c760cf54.jpeg', 100.00, 30.00, 120.00, 30, 0, 0, '', 1, 1685523232, 1685523232, NULL);
INSERT INTO `hy_goods_sku` VALUES (118, 39, '29', '/public/image/2023-05-31/355634426104ba260d52468ec9d11f83.jpeg', 100.00, 30.00, 120.00, 30, 0, 0, '', 1, 1685523232, 1685523232, NULL);
INSERT INTO `hy_goods_sku` VALUES (119, 39, '28', '/public/image/2023-05-31/b473f5406774e2d701628e37c760cf54.jpeg', 100.00, 30.00, 120.00, 30, 0, 0, '', 1, 1685523232, 1685523232, NULL);
INSERT INTO `hy_goods_sku` VALUES (120, 40, '28', '/public/image/2023-05-31/b473f5406774e2d701628e37c760cf54.jpeg', 100.00, 30.00, 120.00, 30, 0, 0, '', 1, 1685523235, 1685523235, NULL);
INSERT INTO `hy_goods_sku` VALUES (121, 40, '29', '/public/image/2023-05-31/355634426104ba260d52468ec9d11f83.jpeg', 100.00, 30.00, 120.00, 30, 0, 0, '', 1, 1685523235, 1685523235, NULL);
INSERT INTO `hy_goods_sku` VALUES (122, 40, '30', '/public/image/2023-05-31/b473f5406774e2d701628e37c760cf54.jpeg', 100.00, 30.00, 120.00, 30, 0, 0, '', 1, 1685523235, 1685523235, NULL);
INSERT INTO `hy_goods_sku` VALUES (123, 40, '31', '/public/image/2023-05-31/8436c5e4b0c38c00a71b8bcce254bdab.jpeg', 100.00, 30.00, 120.00, 30, 0, 0, '', 1, 1685523235, 1685523235, NULL);
INSERT INTO `hy_goods_sku` VALUES (124, 40, '32', '/public/image/2023-05-31/b473f5406774e2d701628e37c760cf54.jpeg', 100.00, 30.00, 120.00, 30, 0, 0, '', 1, 1685523235, 1685523235, NULL);
INSERT INTO `hy_goods_sku` VALUES (125, 41, '32', '/public/image/2023-05-31/b473f5406774e2d701628e37c760cf54.jpeg', 100.00, 30.00, 120.00, 30, 0, 0, '', 1, 1685523238, 1685523238, NULL);
INSERT INTO `hy_goods_sku` VALUES (126, 41, '31', '/public/image/2023-05-31/8436c5e4b0c38c00a71b8bcce254bdab.jpeg', 100.00, 30.00, 120.00, 30, 0, 0, '', 1, 1685523238, 1685523238, NULL);
INSERT INTO `hy_goods_sku` VALUES (127, 41, '30', '/public/image/2023-05-31/b473f5406774e2d701628e37c760cf54.jpeg', 100.00, 30.00, 120.00, 30, 0, 0, '', 1, 1685523238, 1685523238, NULL);
INSERT INTO `hy_goods_sku` VALUES (128, 41, '29', '/public/image/2023-05-31/355634426104ba260d52468ec9d11f83.jpeg', 100.00, 30.00, 120.00, 30, 0, 0, '', 1, 1685523238, 1685523238, NULL);
INSERT INTO `hy_goods_sku` VALUES (129, 41, '28', '/public/image/2023-05-31/b473f5406774e2d701628e37c760cf54.jpeg', 100.00, 30.00, 120.00, 30, 0, 0, '', 1, 1685523238, 1685523238, NULL);
INSERT INTO `hy_goods_sku` VALUES (130, 42, '28', '/public/image/2023-05-31/b473f5406774e2d701628e37c760cf54.jpeg', 100.00, 30.00, 120.00, 30, 0, 0, '', 1, 1685523242, 1685523242, NULL);
INSERT INTO `hy_goods_sku` VALUES (131, 42, '29', '/public/image/2023-05-31/355634426104ba260d52468ec9d11f83.jpeg', 100.00, 30.00, 120.00, 30, 0, 0, '', 1, 1685523242, 1685523242, NULL);
INSERT INTO `hy_goods_sku` VALUES (132, 42, '30', '/public/image/2023-05-31/b473f5406774e2d701628e37c760cf54.jpeg', 100.00, 30.00, 120.00, 30, 0, 0, '', 1, 1685523242, 1685523242, NULL);
INSERT INTO `hy_goods_sku` VALUES (133, 42, '31', '/public/image/2023-05-31/8436c5e4b0c38c00a71b8bcce254bdab.jpeg', 100.00, 30.00, 120.00, 30, 0, 0, '', 1, 1685523242, 1685523242, NULL);
INSERT INTO `hy_goods_sku` VALUES (134, 42, '32', '/public/image/2023-05-31/b473f5406774e2d701628e37c760cf54.jpeg', 100.00, 30.00, 120.00, 30, 0, 0, '', 1, 1685523242, 1685523242, NULL);
INSERT INTO `hy_goods_sku` VALUES (135, 43, '32', '/public/image/2023-05-31/b473f5406774e2d701628e37c760cf54.jpeg', 100.00, 30.00, 120.00, 30, 0, 0, '', 1, 1685523270, 1685523270, NULL);
INSERT INTO `hy_goods_sku` VALUES (136, 43, '31', '/public/image/2023-05-31/8436c5e4b0c38c00a71b8bcce254bdab.jpeg', 100.00, 30.00, 120.00, 30, 0, 0, '', 1, 1685523270, 1685523270, NULL);
INSERT INTO `hy_goods_sku` VALUES (137, 43, '30', '/public/image/2023-05-31/b473f5406774e2d701628e37c760cf54.jpeg', 100.00, 30.00, 120.00, 30, 0, 0, '', 1, 1685523270, 1685523270, NULL);
INSERT INTO `hy_goods_sku` VALUES (138, 43, '29', '/public/image/2023-05-31/355634426104ba260d52468ec9d11f83.jpeg', 100.00, 30.00, 120.00, 30, 0, 0, '', 1, 1685523270, 1685523270, NULL);
INSERT INTO `hy_goods_sku` VALUES (139, 43, '28', '/public/image/2023-05-31/b473f5406774e2d701628e37c760cf54.jpeg', 100.00, 30.00, 120.00, 30, 0, 0, '', 1, 1685523270, 1685523270, NULL);
INSERT INTO `hy_goods_sku` VALUES (140, 44, '28', '/public/image/2023-05-31/b473f5406774e2d701628e37c760cf54.jpeg', 100.00, 30.00, 120.00, 30, 0, 0, '', 1, 1685523273, 1685523273, NULL);
INSERT INTO `hy_goods_sku` VALUES (141, 44, '29', '/public/image/2023-05-31/355634426104ba260d52468ec9d11f83.jpeg', 100.00, 30.00, 120.00, 30, 0, 0, '', 1, 1685523273, 1685523273, NULL);
INSERT INTO `hy_goods_sku` VALUES (142, 44, '30', '/public/image/2023-05-31/b473f5406774e2d701628e37c760cf54.jpeg', 100.00, 30.00, 120.00, 30, 0, 0, '', 1, 1685523273, 1685523273, NULL);
INSERT INTO `hy_goods_sku` VALUES (143, 44, '31', '/public/image/2023-05-31/8436c5e4b0c38c00a71b8bcce254bdab.jpeg', 100.00, 30.00, 120.00, 30, 0, 0, '', 1, 1685523273, 1685523273, NULL);
INSERT INTO `hy_goods_sku` VALUES (144, 44, '32', '/public/image/2023-05-31/b473f5406774e2d701628e37c760cf54.jpeg', 100.00, 30.00, 120.00, 30, 0, 0, '', 1, 1685523273, 1685523273, NULL);

-- ----------------------------
-- Table structure for hy_group_buying_activity
-- ----------------------------
DROP TABLE IF EXISTS `hy_group_buying_activity`;
CREATE TABLE `hy_group_buying_activity`  (
  `id` int NOT NULL AUTO_INCREMENT COMMENT '拼团活动id',
  `product_id` int NOT NULL COMMENT '商品id',
  `price` decimal(10, 2) NOT NULL COMMENT '团购价',
  `group_size` int NOT NULL COMMENT '成团人数',
  `start_time` datetime NOT NULL COMMENT '开始时间',
  `end_time` datetime NOT NULL COMMENT '结束时间',
  `create_time` int NOT NULL DEFAULT 0 COMMENT '创建时间',
  `update_time` int NOT NULL DEFAULT 0 COMMENT '更新时间',
  `delete_time` int NULL DEFAULT NULL COMMENT '删除时间',
  PRIMARY KEY (`id`) USING BTREE,
  INDEX `idx_product_id`(`product_id` ASC) USING BTREE
) ENGINE = InnoDB AUTO_INCREMENT = 1 CHARACTER SET = utf8mb4 COLLATE = utf8mb4_unicode_ci COMMENT = '拼团活动表' ROW_FORMAT = Dynamic;

-- ----------------------------
-- Records of hy_group_buying_activity
-- ----------------------------

-- ----------------------------
-- Table structure for hy_group_buying_record
-- ----------------------------
DROP TABLE IF EXISTS `hy_group_buying_record`;
CREATE TABLE `hy_group_buying_record`  (
  `id` int NOT NULL AUTO_INCREMENT COMMENT '拼团记录id',
  `activity_id` int NOT NULL COMMENT '拼团活动id',
  `user_id` int NOT NULL COMMENT '用户id',
  `status` tinyint NOT NULL DEFAULT 0 COMMENT '状态：0-拼团中，1-拼团成功，2-拼团失败',
  `create_time` int NOT NULL DEFAULT 0 COMMENT '创建时间',
  `update_time` int NOT NULL DEFAULT 0 COMMENT '更新时间',
  `delete_time` int NULL DEFAULT NULL COMMENT '删除时间',
  PRIMARY KEY (`id`) USING BTREE,
  INDEX `idx_activity_id`(`activity_id` ASC) USING BTREE,
  INDEX `idx_user_id`(`user_id` ASC) USING BTREE
) ENGINE = InnoDB AUTO_INCREMENT = 1 CHARACTER SET = utf8mb4 COLLATE = utf8mb4_unicode_ci COMMENT = '拼团记录表' ROW_FORMAT = Dynamic;

-- ----------------------------
-- Records of hy_group_buying_record
-- ----------------------------

-- ----------------------------
-- Table structure for hy_logistics
-- ----------------------------
DROP TABLE IF EXISTS `hy_logistics`;
CREATE TABLE `hy_logistics`  (
  `id` int NOT NULL AUTO_INCREMENT,
  `title` varchar(50) CHARACTER SET utf8mb4 COLLATE utf8mb4_0900_ai_ci NOT NULL DEFAULT '' COMMENT '标题',
  `type` tinyint(1) NOT NULL DEFAULT 0 COMMENT '模板类型 1：按件数，2：按重量 ，3：按体积',
  `is_free` tinyint(1) NOT NULL DEFAULT 0 COMMENT '是否指定包邮 0：不包邮，1：指定包邮',
  `is_no_delivery` tinyint(1) NOT NULL DEFAULT 0 COMMENT '0：关闭 1：指定不配送',
  `sort` int NOT NULL DEFAULT 0,
  `status` tinyint(1) NOT NULL DEFAULT 1,
  `create_time` int NOT NULL DEFAULT 0,
  `update_time` int NOT NULL DEFAULT 0,
  `delete_time` int NULL DEFAULT NULL,
  PRIMARY KEY (`id`) USING BTREE
) ENGINE = InnoDB AUTO_INCREMENT = 1 CHARACTER SET = utf8mb4 COLLATE = utf8mb4_0900_ai_ci COMMENT = '运费模板' ROW_FORMAT = Dynamic;

-- ----------------------------
-- Records of hy_logistics
-- ----------------------------

-- ----------------------------
-- Table structure for hy_logistics_address
-- ----------------------------
DROP TABLE IF EXISTS `hy_logistics_address`;
CREATE TABLE `hy_logistics_address`  (
  `id` int NOT NULL AUTO_INCREMENT,
  `log_id` int NOT NULL DEFAULT 0,
  `first` int NOT NULL DEFAULT 0 COMMENT '首件运费',
  `price` decimal(10, 2) NOT NULL DEFAULT 0.00,
  `is_add` int NOT NULL DEFAULT 0,
  `add_price` decimal(10, 0) NOT NULL DEFAULT 0,
  `status` tinyint(1) NOT NULL DEFAULT 1,
  `create_time` int NOT NULL DEFAULT 0,
  `update_time` int NOT NULL DEFAULT 0,
  `delete_time` int NULL DEFAULT NULL,
  PRIMARY KEY (`id`) USING BTREE
) ENGINE = InnoDB AUTO_INCREMENT = 1 CHARACTER SET = utf8mb4 COLLATE = utf8mb4_0900_ai_ci COMMENT = '运费地址表' ROW_FORMAT = Dynamic;

-- ----------------------------
-- Records of hy_logistics_address
-- ----------------------------

-- ----------------------------
-- Table structure for hy_logistics_address_ids
-- ----------------------------
DROP TABLE IF EXISTS `hy_logistics_address_ids`;
CREATE TABLE `hy_logistics_address_ids`  (
  `id` int NOT NULL AUTO_INCREMENT,
  `log_id` int NOT NULL DEFAULT 0,
  `log_add_id` int NOT NULL DEFAULT 0 COMMENT 'logistics_address ID',
  `address_id` int NOT NULL DEFAULT 0,
  `city` varchar(200) CHARACTER SET utf8mb4 COLLATE utf8mb4_0900_ai_ci NOT NULL DEFAULT '' COMMENT '市',
  `district` varchar(200) CHARACTER SET utf8mb4 COLLATE utf8mb4_0900_ai_ci NOT NULL DEFAULT '' COMMENT '区',
  `county` varchar(200) CHARACTER SET utf8mb4 COLLATE utf8mb4_0900_ai_ci NOT NULL DEFAULT '' COMMENT '县',
  `status` tinyint(1) NOT NULL DEFAULT 1,
  `create_time` int NOT NULL DEFAULT 0,
  `update_time` int NOT NULL DEFAULT 0,
  `delete_time` int NULL DEFAULT NULL,
  PRIMARY KEY (`id`) USING BTREE
) ENGINE = InnoDB AUTO_INCREMENT = 1 CHARACTER SET = utf8mb4 COLLATE = utf8mb4_0900_ai_ci COMMENT = '具体地址信息' ROW_FORMAT = Dynamic;

-- ----------------------------
-- Records of hy_logistics_address_ids
-- ----------------------------

-- ----------------------------
-- Table structure for hy_member
-- ----------------------------
DROP TABLE IF EXISTS `hy_member`;
CREATE TABLE `hy_member`  (
  `id` int NOT NULL AUTO_INCREMENT,
  `nickName` varchar(200) CHARACTER SET utf8mb4 COLLATE utf8mb4_0900_ai_ci NOT NULL DEFAULT '' COMMENT '昵称',
  `openid` varchar(300) CHARACTER SET utf8mb4 COLLATE utf8mb4_0900_ai_ci NOT NULL DEFAULT '' COMMENT '唯一识别号',
  `mobile` varchar(11) CHARACTER SET utf8mb4 COLLATE utf8mb4_0900_ai_ci NOT NULL DEFAULT '' COMMENT '手机号',
  `add_type` tinyint(1) NULL DEFAULT 0 COMMENT '添加方式 1:小程序自动登录 2:手机号自动登录 3:小程序绑定手机号 4:手机号绑定小程序',
  `userName` varchar(200) CHARACTER SET utf8mb4 COLLATE utf8mb4_0900_ai_ci NOT NULL DEFAULT '' COMMENT '用户名',
  `avatar_url` varchar(500) CHARACTER SET utf8mb4 COLLATE utf8mb4_0900_ai_ci NOT NULL DEFAULT '' COMMENT '头像',
  `realName` varchar(200) CHARACTER SET utf8mb4 COLLATE utf8mb4_0900_ai_ci NOT NULL DEFAULT '' COMMENT '真实姓名',
  `referrer_id` int NOT NULL DEFAULT 0 COMMENT '推荐人id',
  `level` tinyint(1) NOT NULL DEFAULT 1 COMMENT '用户等级：1-普通用户，2-VIP用户，3-代理商',
  `status` tinyint(1) NOT NULL DEFAULT 1,
  `create_time` int NOT NULL DEFAULT 0,
  `update_time` int NOT NULL DEFAULT 0,
  `delete_time` int NULL DEFAULT NULL,
  PRIMARY KEY (`id`) USING BTREE,
  UNIQUE INDEX `uniq_openid`(`openid` ASC) USING BTREE
) ENGINE = InnoDB AUTO_INCREMENT = 3 CHARACTER SET = utf8mb4 COLLATE = utf8mb4_0900_ai_ci COMMENT = '前端用户信息' ROW_FORMAT = Dynamic;

-- ----------------------------
-- Records of hy_member
-- ----------------------------
INSERT INTO `hy_member` VALUES (1, '', '', '15212345678', 2, '', '', '', 0, 1, 1, 1684997033, 1684997033, NULL);
INSERT INTO `hy_member` VALUES (2, '', 'out6p5NyFEwegoco_w_GMtDZf1nM', '', 1, '', '', '', 0, 1, 1, 1685437500, 1685437500, NULL);

-- ----------------------------
-- Table structure for hy_member_token
-- ----------------------------
DROP TABLE IF EXISTS `hy_member_token`;
CREATE TABLE `hy_member_token`  (
  `id` int NOT NULL AUTO_INCREMENT,
  `session_key` varchar(255) CHARACTER SET utf8mb4 COLLATE utf8mb4_0900_ai_ci NOT NULL DEFAULT '',
  `openid` varchar(255) CHARACTER SET utf8mb4 COLLATE utf8mb4_0900_ai_ci NOT NULL DEFAULT '',
  `status` tinyint(1) NOT NULL DEFAULT 1,
  `create_time` int NOT NULL DEFAULT 0,
  `delete_time` int NULL DEFAULT NULL,
  `update_time` int NOT NULL DEFAULT 0,
  PRIMARY KEY (`id`) USING BTREE,
  INDEX `idx_o`(`openid` ASC) USING BTREE,
  INDEX `idx_session`(`session_key` ASC) USING BTREE
) ENGINE = InnoDB AUTO_INCREMENT = 5 CHARACTER SET = utf8mb4 COLLATE = utf8mb4_0900_ai_ci COMMENT = '微信登陆session' ROW_FORMAT = Dynamic;

-- ----------------------------
-- Records of hy_member_token
-- ----------------------------
INSERT INTO `hy_member_token` VALUES (3, '22222', '1233323', 1, 0, NULL, 1681960344);
INSERT INTO `hy_member_token` VALUES (4, 'JJ6awr8g1WEel/HVu4ggbQ==', 'out6p5NyFEwegoco_w_GMtDZf1nM', 1, 0, NULL, 1686035119);

-- ----------------------------
-- Table structure for hy_menu
-- ----------------------------
DROP TABLE IF EXISTS `hy_menu`;
CREATE TABLE `hy_menu`  (
  `id` int UNSIGNED NOT NULL AUTO_INCREMENT,
  `title` varchar(255) CHARACTER SET utf8mb4 COLLATE utf8mb4_0900_ai_ci NOT NULL DEFAULT '' COMMENT '菜单名称 国际化',
  `pid` int UNSIGNED NOT NULL DEFAULT 0,
  `menuType` varchar(50) CHARACTER SET utf8mb4 COLLATE utf8mb4_0900_ai_ci NOT NULL DEFAULT '' COMMENT '菜单类型',
  `path` varchar(255) CHARACTER SET utf8mb4 COLLATE utf8mb4_0900_ai_ci NOT NULL DEFAULT '' COMMENT '地址',
  `name` varchar(255) CHARACTER SET utf8mb4 COLLATE utf8mb4_0900_ai_ci NOT NULL DEFAULT '' COMMENT '简称',
  `component` varchar(255) CHARACTER SET utf8mb4 COLLATE utf8mb4_0900_ai_ci NOT NULL DEFAULT '',
  `redirect` varchar(255) CHARACTER SET utf8mb4 COLLATE utf8mb4_0900_ai_ci NOT NULL DEFAULT '' COMMENT '重定向',
  `isLink` int NOT NULL DEFAULT 0 COMMENT '是否是地址',
  `link_url` varchar(500) CHARACTER SET utf8mb4 COLLATE utf8mb4_0900_ai_ci NOT NULL DEFAULT '' COMMENT '外链地址',
  `isHide` tinyint(1) NOT NULL DEFAULT 0,
  `isKeepAlive` tinyint(1) NOT NULL DEFAULT 1,
  `isAffix` tinyint(1) NOT NULL DEFAULT 0,
  `isIframe` tinyint UNSIGNED NOT NULL DEFAULT 0,
  `icon` varchar(500) CHARACTER SET utf8mb4 COLLATE utf8mb4_0900_ai_ci NOT NULL DEFAULT '',
  `sort` int NULL DEFAULT 0,
  `status` tinyint(1) NOT NULL DEFAULT 1,
  `create_time` int UNSIGNED NOT NULL DEFAULT 0,
  `update_time` int UNSIGNED NOT NULL DEFAULT 0,
  `delete_time` int UNSIGNED NULL DEFAULT NULL,
  PRIMARY KEY (`id`) USING BTREE
) ENGINE = InnoDB AUTO_INCREMENT = 45 CHARACTER SET = utf8mb4 COLLATE = utf8mb4_0900_ai_ci ROW_FORMAT = Dynamic;

-- ----------------------------
-- Records of hy_menu
-- ----------------------------
INSERT INTO `hy_menu` VALUES (1, 'message.router.home', 0, 'menu', '/home', 'home', 'home/index', '', 0, '', 0, 1, 1, 0, 'iconfont icon-shouye', 0, 1, 0, 0, NULL);
INSERT INTO `hy_menu` VALUES (2, 'message.router.system', 0, 'menu', '/system', 'system', 'layout/routerView/parent', '/system/menu', 0, '', 0, 1, 0, 0, 'iconfont icon-xitongshezhi', 0, 1, 0, 0, NULL);
INSERT INTO `hy_menu` VALUES (3, 'message.router.systemMenu', 2, 'menu', '/system/menu', 'systemMenu', 'system/menu/index', '', 0, '', 0, 1, 0, 0, 'iconfont icon-caidan', 0, 1, 0, 0, NULL);
INSERT INTO `hy_menu` VALUES (4, 'message.router.systemUser', 2, 'menu', '/system/user', 'systemUser', 'system/user/index', '', 0, '', 0, 1, 0, 0, 'iconfont icon-icon-', 0, 1, 0, 0, NULL);
INSERT INTO `hy_menu` VALUES (5, 'message.router.limits', 0, 'menu', '/limits', 'limits', 'layout/routerView/parent', '/limits/frontEnd', 0, '', 0, 1, 0, 0, 'iconfont icon-quanxian', 0, 1, 0, 1679282915, 1679282915);
INSERT INTO `hy_menu` VALUES (6, 'message.router.limitsBackEnd', 5, 'menu', '/limits/backEnd', 'limitsBackEnd', 'layout/routerView/parent', '', 0, '', 0, 1, 0, 0, '', 0, 1, 0, 0, NULL);
INSERT INTO `hy_menu` VALUES (7, 'message.router.menu', 0, 'menu', '/menu', 'menu', 'layout/routerView/parent', '/menu/menu1', 0, '', 0, 1, 0, 0, 'iconfont icon-caidan', 0, 1, 0, 1679282911, 1679282911);
INSERT INTO `hy_menu` VALUES (8, 'message.router.menu1', 7, 'menu', '/menu/menu1', 'menu1', 'layout/routerView/parent', '/menu/menu1/menu11', 0, '', 0, 1, 0, 0, 'iconfont icon-caidan', 0, 1, 0, 0, NULL);
INSERT INTO `hy_menu` VALUES (9, 'message.router.menu2', 7, 'menu', '/menu/menu2', 'menu2', 'menu/menu2/index', '', 0, '', 0, 1, 0, 0, 'iconfont icon-caidan', 0, 1, 0, 0, NULL);
INSERT INTO `hy_menu` VALUES (10, 'message.router.funIndex', 0, 'menu', '/fun', 'funIndex', 'layout/routerView/parent', '/fun/tagsView', 0, '', 0, 1, 0, 0, 'iconfont icon-crew_feature', 0, 1, 0, 1679282906, 1679282906);
INSERT INTO `hy_menu` VALUES (11, 'message.router.funTagsView', 10, 'menu', '/fun/tagsView', 'funTagsView', 'fun/tagsView/index', '', 0, '', 0, 1, 0, 0, 'ele-Pointer', 0, 1, 0, 0, NULL);
INSERT INTO `hy_menu` VALUES (12, 'message.router.chartIndex', 0, 'menu', '/chart', 'chartIndex', 'chart/index', '', 0, '', 0, 1, 0, 0, 'iconfont icon-ico_shuju', 0, 1, 0, 1679282888, 1679282888);
INSERT INTO `hy_menu` VALUES (13, 'message.router.personal', 0, 'menu', '/personal', 'personal', 'personal/index', '', 0, '', 1, 1, 0, 0, 'iconfont icon-gerenzhongxin', 0, 1, 0, 1679282896, NULL);
INSERT INTO `hy_menu` VALUES (14, 'message.router.tools', 0, 'menu', '/tools', 'tools', 'tools/index', '', 0, '', 0, 1, 0, 0, 'iconfont icon-gongju', 0, 1, 0, 1679282883, 1679282883);
INSERT INTO `hy_menu` VALUES (15, 'message.router.layoutLinkView', 0, 'menu', '/link', 'layoutLinkView', 'layout/routerView/link', '', 1, 'https://element-plus.gitee.io/#/zh-CN/component/installation', 0, 0, 0, 0, 'iconfont icon-caozuo-wailian', 0, 1, 0, 1679281771, 1679281771);
INSERT INTO `hy_menu` VALUES (16, 'message.router.layoutIfameView', 0, 'menu', '/iframes', 'layoutIfameView', 'layout/routerView/iframe', '', 1, 'https://gitee.com/lyt-top/vue-next-admin', 0, 1, 0, 1, 'iconfont icon-neiqianshujuchucun', 0, 1, 0, 1679281737, 1679281737);
INSERT INTO `hy_menu` VALUES (28, '权限列表', 2, 'menu', '/role', 'role', 'system/role/index', '', 0, '', 0, 0, 0, 0, 'ele-Collection', 0, 1, 1678958480, 1678958510, NULL);
INSERT INTO `hy_menu` VALUES (29, 'message.router.goods', 0, 'menu', '/goods', 'goods', 'goods/list/index', '/goods/list', 0, '', 0, 0, 0, 0, 'iconfont icon-zidingyibuju', 0, 1, 1679276863, 1679277109, NULL);
INSERT INTO `hy_menu` VALUES (30, '商品列表', 29, 'menu', '/goodsList', 'goodsList', 'goods/list/index', '', 0, '', 0, 0, 0, 0, 'iconfont icon-chazhaobiaodanliebiao', 0, 1, 1679277287, 1679277362, NULL);
INSERT INTO `hy_menu` VALUES (31, '分类列表', 29, 'menu', '/goodsCategory', 'goodsCategory', 'goods/category/index', '', 0, '', 0, 0, 0, 0, 'iconfont icon-juxingkaobei', 0, 1, 1679284233, 1679284233, NULL);
INSERT INTO `hy_menu` VALUES (32, '添加商品', 30, 'menu', '/goodsAdd', 'goodsAdd', 'goods/list/add', '', 0, '', 1, 0, 0, 0, 'ele-DocumentAdd', 0, 1, 1679552473, 1679552473, NULL);
INSERT INTO `hy_menu` VALUES (33, '规格列表', 29, 'menu', '/specs', 'specs', 'goods/specs/index', '', 0, '', 0, 0, 0, 0, 'iconfont icon-zhongduancanshuchaxun', 0, 1, 1679645894, 1679646199, NULL);
INSERT INTO `hy_menu` VALUES (34, '装修', 0, 'menu', '/layout/home', 'layout', 'layout/home/index', '/layout', 0, '', 0, 0, 0, 0, 'iconfont icon-zhongduancanshuchaxun', 0, 1, 1680511419, 1680512594, NULL);
INSERT INTO `hy_menu` VALUES (35, '页面装修', 34, 'menu', '/layout', 'layout', 'layout/home/index', '', 0, '', 0, 0, 0, 0, 'iconfont icon-zujian', 0, 1, 1680512402, 1680512607, NULL);
INSERT INTO `hy_menu` VALUES (36, 'websocket', 0, 'menu', '/websocket', 'websocket', 'websocket/index', '', 0, '', 0, 0, 0, 0, 'iconfont icon-juxingkaobei', 0, 1, 1681181185, 1681181447, NULL);
INSERT INTO `hy_menu` VALUES (37, '测试服务器', 0, 'menu', '/test', 'test', '/test', '', 0, '', 0, 0, 0, 0, 'iconfont icon-bolangneng', 0, 1, 1682327054, 1683789280, 1683789280);
INSERT INTO `hy_menu` VALUES (38, '营销管理', 0, 'menu', '/secill/index', 'marketing', '/secill/index', '/secill/index', 0, '', 0, 0, 0, 0, 'ele-Basketball', 0, 1, 1684309835, 1684309835, NULL);
INSERT INTO `hy_menu` VALUES (39, '分销管理', 38, 'menu', '/distribution', 'marketingDistribution', '/marketing/distribution/index', '', 0, '', 0, 0, 0, 0, 'iconfont icon-juxingkaobei', 0, 1, 1684309888, 1684310008, NULL);
INSERT INTO `hy_menu` VALUES (40, '秒杀管理', 38, 'menu', '/seckill', 'marketingSeckill', '/marketing/seckill/index', '', 0, '', 0, 0, 0, 0, 'iconfont icon-shouye_dongtaihui', 0, 1, 1684310064, 1684310064, NULL);
INSERT INTO `hy_menu` VALUES (41, '拼团管理', 38, 'menu', '/groupBuyingActivity', 'marketingGroupBuyingActivity', '/marketing/group_buying_activity/index', '', 0, '', 0, 0, 0, 0, 'iconfont icon-siweidaotu', 0, 1, 1684310169, 1684310187, NULL);
INSERT INTO `hy_menu` VALUES (42, '优惠券管理', 38, 'menu', '/coupon', 'marketingCoupon', '/marketing/coupon/index', '', 0, '', 0, 0, 0, 0, 'ele-SoldOut', 0, 1, 1684310255, 1684310255, NULL);
INSERT INTO `hy_menu` VALUES (43, '砍价管理', 38, 'menu', '/bargainActivity', 'marketingBargainActivity', '/marketing/bargain_activity/index', '', 0, '', 0, 0, 0, 0, 'fa fa-handshake-o', 0, 1, 1684310359, 1684310359, NULL);
INSERT INTO `hy_menu` VALUES (44, '运费模板', 29, 'menu', '/logistic', 'logistic', '/logistic/index', '', 0, '', 0, 0, 0, 0, 'iconfont icon-zidingyibuju', 0, 1, 1685946455, 1685946817, NULL);

-- ----------------------------
-- Table structure for hy_order
-- ----------------------------
DROP TABLE IF EXISTS `hy_order`;
CREATE TABLE `hy_order`  (
  `id` int NOT NULL AUTO_INCREMENT COMMENT '订单id',
  `user_id` int NOT NULL COMMENT '用户id',
  `goods_id` int NOT NULL DEFAULT 0 COMMENT '商品id',
  `price` decimal(10, 2) NOT NULL DEFAULT 0.00 COMMENT '价格',
  `cost_price` decimal(10, 2) NOT NULL DEFAULT 0.00 COMMENT '原价',
  `address_id` int NOT NULL DEFAULT 0 COMMENT '地址id',
  `is_discount` tinyint(1) NOT NULL DEFAULT 0 COMMENT '是否有优惠：0-没有优惠，1-有优惠',
  `discount_money` decimal(10, 2) NOT NULL DEFAULT 0.00,
  `remark` varchar(200) CHARACTER SET utf8mb4 COLLATE utf8mb4_unicode_ci NOT NULL DEFAULT '' COMMENT '备注信息',
  `status` tinyint NOT NULL DEFAULT 0 COMMENT '状态：0-待支付，1-已支付，2-支付失败，3-退款中，4-退款失败，5-退款成功，6-待评价，7-售后，8-待收货',
  `create_time` int NOT NULL DEFAULT 0 COMMENT '创建时间',
  `update_time` int NOT NULL DEFAULT 0 COMMENT '更新时间',
  `delete_time` int NULL DEFAULT NULL COMMENT '删除时间',
  PRIMARY KEY (`id`) USING BTREE,
  INDEX `idx_user_id`(`user_id` ASC) USING BTREE,
  INDEX `idx_product_id`(`goods_id` ASC) USING BTREE
) ENGINE = InnoDB AUTO_INCREMENT = 1 CHARACTER SET = utf8mb4 COLLATE = utf8mb4_unicode_ci COMMENT = '订单表' ROW_FORMAT = Dynamic;

-- ----------------------------
-- Records of hy_order
-- ----------------------------

-- ----------------------------
-- Table structure for hy_role
-- ----------------------------
DROP TABLE IF EXISTS `hy_role`;
CREATE TABLE `hy_role`  (
  `id` int NOT NULL AUTO_INCREMENT,
  `roleName` varchar(200) CHARACTER SET utf8mb4 COLLATE utf8mb4_0900_ai_ci NOT NULL DEFAULT '' COMMENT '角色名称',
  `roleSign` varchar(200) CHARACTER SET utf8mb4 COLLATE utf8mb4_0900_ai_ci NOT NULL DEFAULT '' COMMENT '角色标识',
  `sort` int NOT NULL DEFAULT 0 COMMENT '排序',
  `status` tinyint(1) NOT NULL DEFAULT 1 COMMENT '状态',
  `description` varchar(200) CHARACTER SET utf8mb4 COLLATE utf8mb4_0900_ai_ci NOT NULL DEFAULT '',
  `menuProps` json NULL,
  `create_time` int NOT NULL DEFAULT 0,
  `update_time` int NOT NULL DEFAULT 0,
  `delete_time` int NULL DEFAULT NULL,
  PRIMARY KEY (`id`) USING BTREE
) ENGINE = InnoDB AUTO_INCREMENT = 4 CHARACTER SET = utf8mb4 COLLATE = utf8mb4_0900_ai_ci COMMENT = '角色表' ROW_FORMAT = Dynamic;

-- ----------------------------
-- Records of hy_role
-- ----------------------------
INSERT INTO `hy_role` VALUES (1, '决类要律酸价', 'est minim exercitation incididunt consectetur', 0, 1, '到这习论义导观京系革打场角。阶界节矿的过入各须出示圆位金。现张史音共业快话农光天情心问个毛。低她温术色效命置期将真构复水标长名满。律周局教那大题法些认由白们何。相亲该五下维于标般四最机。', '[111, 112]', 1679108425, 1679108425, NULL);
INSERT INTO `hy_role` VALUES (2, '123123', '23333', 0, 0, '', '[1, 2, 3, 4, 28, 5, 6]', 1679275974, 1679275974, NULL);
INSERT INTO `hy_role` VALUES (3, '1111111', '2222', 0, 1, '', '[2, 3, 4, 28, 36]', 1682318321, 1682318321, NULL);

-- ----------------------------
-- Table structure for hy_seckill
-- ----------------------------
DROP TABLE IF EXISTS `hy_seckill`;
CREATE TABLE `hy_seckill`  (
  `id` int NOT NULL AUTO_INCREMENT,
  `name` varchar(255) CHARACTER SET utf8mb4 COLLATE utf8mb4_0900_ai_ci NOT NULL DEFAULT '' COMMENT '秒杀活动名称',
  `start_time` int NOT NULL DEFAULT 0 COMMENT '活动开始时间',
  `end_time` int NOT NULL DEFAULT 0 COMMENT '活动结束时间',
  `status` tinyint(1) NOT NULL DEFAULT 0 COMMENT '活动状态 0-未开始 1-已开始 2-已结束',
  `total_quantity` int NOT NULL DEFAULT 0 COMMENT '秒杀商品总数量',
  `remain_quantity` int NOT NULL DEFAULT 0 COMMENT '秒杀商品剩余数量',
  `create_time` int NOT NULL DEFAULT 0,
  `update_time` int NOT NULL DEFAULT 0,
  `delete_time` int NULL DEFAULT NULL,
  PRIMARY KEY (`id`) USING BTREE
) ENGINE = InnoDB AUTO_INCREMENT = 1 CHARACTER SET = utf8mb4 COLLATE = utf8mb4_0900_ai_ci COMMENT = '秒杀活动表' ROW_FORMAT = Dynamic;

-- ----------------------------
-- Records of hy_seckill
-- ----------------------------

-- ----------------------------
-- Table structure for hy_seckill_record
-- ----------------------------
DROP TABLE IF EXISTS `hy_seckill_record`;
CREATE TABLE `hy_seckill_record`  (
  `id` int NOT NULL AUTO_INCREMENT,
  `user_id` int NOT NULL DEFAULT 0 COMMENT '参与秒杀的用户ID',
  `activity_id` int NOT NULL DEFAULT 0 COMMENT '秒杀活动编号',
  `goods_id` int NOT NULL DEFAULT 0 COMMENT '秒杀商品编号',
  `quantity` int NOT NULL DEFAULT 0 COMMENT '秒杀商品数量',
  `status_pay` tinyint(1) NOT NULL DEFAULT 0 COMMENT '支付状态 0未支付 1支付成功 2支付失败',
  `status_seckill` tinyint(1) NOT NULL DEFAULT 0 COMMENT '秒杀状态 0默认 1秒杀成功 2秒杀失败',
  `status` tinyint(1) NOT NULL DEFAULT 1,
  `create_time` int NOT NULL DEFAULT 0,
  `update_time` int NOT NULL DEFAULT 0,
  `delete_time` int NULL DEFAULT NULL,
  PRIMARY KEY (`id`) USING BTREE
) ENGINE = InnoDB AUTO_INCREMENT = 1 CHARACTER SET = utf8mb4 COLLATE = utf8mb4_0900_ai_ci COMMENT = '秒杀记录表' ROW_FORMAT = Dynamic;

-- ----------------------------
-- Records of hy_seckill_record
-- ----------------------------

-- ----------------------------
-- Table structure for hy_specs
-- ----------------------------
DROP TABLE IF EXISTS `hy_specs`;
CREATE TABLE `hy_specs`  (
  `id` int NOT NULL AUTO_INCREMENT,
  `title` varchar(30) CHARACTER SET utf8mb4 COLLATE utf8mb4_0900_ai_ci NOT NULL DEFAULT '',
  `sort` int NOT NULL DEFAULT 0,
  `status` tinyint(1) NOT NULL DEFAULT 1,
  `create_time` int NOT NULL DEFAULT 0,
  `update_time` int NOT NULL DEFAULT 0,
  `delete_time` int NULL DEFAULT NULL,
  PRIMARY KEY (`id`) USING BTREE
) ENGINE = InnoDB AUTO_INCREMENT = 23 CHARACTER SET = utf8mb4 COLLATE = utf8mb4_0900_ai_ci COMMENT = '商品规格表' ROW_FORMAT = Dynamic;

-- ----------------------------
-- Records of hy_specs
-- ----------------------------
INSERT INTO `hy_specs` VALUES (1, '123', 0, 1, 1679647491, 1679648639, 1679648639);
INSERT INTO `hy_specs` VALUES (2, '2222', 0, 1, 1679648361, 1679648361, NULL);
INSERT INTO `hy_specs` VALUES (3, '3333', 0, 1, 1679648364, 1679648367, 1679648367);
INSERT INTO `hy_specs` VALUES (4, '33', 0, 1, 1679713933, 1679713933, NULL);
INSERT INTO `hy_specs` VALUES (5, '44', 0, 1, 1679713940, 1679713940, NULL);
INSERT INTO `hy_specs` VALUES (6, '55', 0, 1, 1679713943, 1679713943, NULL);
INSERT INTO `hy_specs` VALUES (7, '66', 0, 1, 1679713945, 1679713945, NULL);
INSERT INTO `hy_specs` VALUES (8, '77', 0, 1, 1679713959, 1679713959, NULL);
INSERT INTO `hy_specs` VALUES (9, '88', 0, 1, 1679713960, 1679713960, NULL);
INSERT INTO `hy_specs` VALUES (10, '99', 0, 1, 1679713962, 1680510252, 1680510252);
INSERT INTO `hy_specs` VALUES (11, '12', 0, 1, 1679713968, 1680510246, 1680510246);
INSERT INTO `hy_specs` VALUES (12, '13', 0, 1, 1679713970, 1680510257, 1680510257);
INSERT INTO `hy_specs` VALUES (13, 'zehshi ', 0, 1, 1679713975, 1680510241, 1680510241);
INSERT INTO `hy_specs` VALUES (14, '15', 0, 1, 1679713978, 1680510250, 1680510250);
INSERT INTO `hy_specs` VALUES (15, '16', 0, 1, 1679713981, 1680510244, 1680510244);
INSERT INTO `hy_specs` VALUES (16, '17', 0, 1, 1679713984, 1680510255, 1680510255);
INSERT INTO `hy_specs` VALUES (17, '18', 0, 1, 1679713988, 1679713988, NULL);
INSERT INTO `hy_specs` VALUES (18, '19', 0, 1, 1679713991, 1679713991, NULL);
INSERT INTO `hy_specs` VALUES (19, '21', 0, 1, 1679714022, 1679714022, NULL);
INSERT INTO `hy_specs` VALUES (20, '尺码', 0, 1, 1680158540, 1680158540, NULL);
INSERT INTO `hy_specs` VALUES (21, '规格', 0, 1, 1680158544, 1680158544, NULL);
INSERT INTO `hy_specs` VALUES (22, '颜色', 0, 1, 1685498327, 1685498327, NULL);

-- ----------------------------
-- Table structure for hy_specs_value
-- ----------------------------
DROP TABLE IF EXISTS `hy_specs_value`;
CREATE TABLE `hy_specs_value`  (
  `id` int NOT NULL AUTO_INCREMENT,
  `specs_id` int NOT NULL DEFAULT 0,
  `title` varchar(30) CHARACTER SET utf8mb4 COLLATE utf8mb4_0900_ai_ci NOT NULL DEFAULT '',
  `status` tinyint(1) NOT NULL DEFAULT 1,
  `sort` int NOT NULL DEFAULT 0,
  `create_time` int NOT NULL DEFAULT 0,
  `update_time` int NOT NULL DEFAULT 0,
  `delete_time` int NULL DEFAULT NULL,
  PRIMARY KEY (`id`) USING BTREE
) ENGINE = InnoDB AUTO_INCREMENT = 33 CHARACTER SET = utf8mb4 COLLATE = utf8mb4_0900_ai_ci COMMENT = '商品规格值' ROW_FORMAT = Dynamic;

-- ----------------------------
-- Records of hy_specs_value
-- ----------------------------
INSERT INTO `hy_specs_value` VALUES (1, 19, '1', 1, 0, 1679714643, 1679714643, NULL);
INSERT INTO `hy_specs_value` VALUES (2, 19, '2', 1, 0, 1679715066, 1679715066, NULL);
INSERT INTO `hy_specs_value` VALUES (3, 19, '3', 1, 0, 1679715069, 1679715069, NULL);
INSERT INTO `hy_specs_value` VALUES (4, 19, '4', 1, 0, 1679715071, 1679715071, NULL);
INSERT INTO `hy_specs_value` VALUES (5, 19, '5', 1, 0, 1679715124, 1679715124, NULL);
INSERT INTO `hy_specs_value` VALUES (6, 19, '6', 1, 0, 1679715125, 1679715125, NULL);
INSERT INTO `hy_specs_value` VALUES (7, 19, '7', 1, 0, 1679715127, 1679715127, NULL);
INSERT INTO `hy_specs_value` VALUES (8, 19, '8', 1, 0, 1679715129, 1679715129, NULL);
INSERT INTO `hy_specs_value` VALUES (9, 19, '9', 1, 0, 1679715136, 1679715136, NULL);
INSERT INTO `hy_specs_value` VALUES (10, 19, '10', 1, 0, 1679715138, 1679715138, NULL);
INSERT INTO `hy_specs_value` VALUES (11, 18, '123123', 1, 0, 1679715205, 1679715205, NULL);
INSERT INTO `hy_specs_value` VALUES (12, 17, '333', 1, 0, 1679715210, 1679715210, NULL);
INSERT INTO `hy_specs_value` VALUES (13, 16, '444', 1, 0, 1679715212, 1679715212, NULL);
INSERT INTO `hy_specs_value` VALUES (14, 15, '55', 1, 0, 1679715216, 1679715216, NULL);
INSERT INTO `hy_specs_value` VALUES (15, 14, '1', 1, 0, 1679882118, 1679882118, NULL);
INSERT INTO `hy_specs_value` VALUES (16, 14, '2', 1, 0, 1679882120, 1679882120, NULL);
INSERT INTO `hy_specs_value` VALUES (17, 14, '3', 1, 0, 1679882121, 1679882121, NULL);
INSERT INTO `hy_specs_value` VALUES (18, 14, '4', 1, 0, 1679882122, 1679882122, NULL);
INSERT INTO `hy_specs_value` VALUES (19, 14, '5', 1, 0, 1679882123, 1679882123, NULL);
INSERT INTO `hy_specs_value` VALUES (20, 20, 'S', 1, 0, 1680158547, 1680158547, NULL);
INSERT INTO `hy_specs_value` VALUES (21, 20, 'S', 1, 0, 1680158547, 1680158547, NULL);
INSERT INTO `hy_specs_value` VALUES (22, 20, 'L', 1, 0, 1680158551, 1680158551, NULL);
INSERT INTO `hy_specs_value` VALUES (23, 20, 'M', 1, 0, 1680158554, 1680158554, NULL);
INSERT INTO `hy_specs_value` VALUES (24, 21, '大', 1, 0, 1680158570, 1680158570, NULL);
INSERT INTO `hy_specs_value` VALUES (25, 21, '小', 1, 0, 1680158572, 1680158572, NULL);
INSERT INTO `hy_specs_value` VALUES (26, 21, '最大', 1, 0, 1680158575, 1680158575, NULL);
INSERT INTO `hy_specs_value` VALUES (27, 21, '很大', 1, 0, 1680158577, 1680158577, NULL);
INSERT INTO `hy_specs_value` VALUES (28, 22, '红色', 1, 0, 1685498333, 1685498333, NULL);
INSERT INTO `hy_specs_value` VALUES (29, 22, '白色', 1, 0, 1685498335, 1685498335, NULL);
INSERT INTO `hy_specs_value` VALUES (30, 22, '黑色', 1, 0, 1685498337, 1685498337, NULL);
INSERT INTO `hy_specs_value` VALUES (31, 22, '绿色', 1, 0, 1685498340, 1685498340, NULL);
INSERT INTO `hy_specs_value` VALUES (32, 22, '珊瑚粉', 1, 0, 1685498345, 1685498345, NULL);

-- ----------------------------
-- Table structure for hy_uploader
-- ----------------------------
DROP TABLE IF EXISTS `hy_uploader`;
CREATE TABLE `hy_uploader`  (
  `id` int NOT NULL AUTO_INCREMENT,
  `url` varchar(500) CHARACTER SET utf8mb4 COLLATE utf8mb4_0900_ai_ci NOT NULL DEFAULT '' COMMENT '保存的地址',
  `cate_id` int NOT NULL DEFAULT 0,
  `md5` char(32) CHARACTER SET utf8mb4 COLLATE utf8mb4_0900_ai_ci NOT NULL DEFAULT '',
  `size` varchar(500) CHARACTER SET utf8mb4 COLLATE utf8mb4_0900_ai_ci NOT NULL DEFAULT '' COMMENT '文件大小',
  `fileName` varchar(500) CHARACTER SET utf8mb4 COLLATE utf8mb4_0900_ai_ci NOT NULL DEFAULT '' COMMENT '文件原名',
  `type` varchar(500) CHARACTER SET utf8mb4 COLLATE utf8mb4_0900_ai_ci NOT NULL DEFAULT '',
  `ext` varchar(500) CHARACTER SET utf8mb4 COLLATE utf8mb4_0900_ai_ci NOT NULL DEFAULT '' COMMENT '文件后缀',
  `upload_ip` bigint NOT NULL DEFAULT 0,
  `status` tinyint(1) NOT NULL DEFAULT 1 COMMENT '状态 1正常 0关闭 ',
  `create_time` int NOT NULL DEFAULT 0,
  `update_time` int NOT NULL DEFAULT 0,
  `delete_time` int NULL DEFAULT NULL,
  PRIMARY KEY (`id`) USING BTREE
) ENGINE = InnoDB AUTO_INCREMENT = 38 CHARACTER SET = utf8mb4 COLLATE = utf8mb4_0900_ai_ci COMMENT = '上传记录' ROW_FORMAT = Dynamic;

-- ----------------------------
-- Records of hy_uploader
-- ----------------------------
INSERT INTO `hy_uploader` VALUES (2, '/public/image/2023-03-22/b057021f7b5c616e8770948d87ad324d.jpeg', 0, 'b057021f7b5c616e8770948d87ad324d', '', '2ffe0e09ef2e4dc8b234ae5bed9c0d0b61ff05249fe80-Unu8Vg_fw658.jpg', 'image', 'jpeg', 3232235529, 1, 0, 1679470422, 1679470422);
INSERT INTO `hy_uploader` VALUES (3, '/public/image/2023-03-22/b5719ad31268b5fe0373c30d9b112889.jpeg', 0, 'b5719ad31268b5fe0373c30d9b112889', '', 'ddeb8684565b44ce317167fc6f7d36ca0d7101fc10c53-JQOLDt_fw658.jpg', 'image', 'jpeg', 3232235529, 1, 0, 1679470422, 1679470422);
INSERT INTO `hy_uploader` VALUES (4, '/public/image/2023-03-22/a2ef3be5483f6bf85ebf1e98464ecef6.jpeg', 0, 'a2ef3be5483f6bf85ebf1e98464ecef6', '', '0493d65c41c19fffd8bc341c72768bbce4ee8e4bacade-J1EtsC_fw658.jpg', 'image', 'jpeg', 3232235529, 1, 0, 1679470356, 1679470356);
INSERT INTO `hy_uploader` VALUES (5, '/public/image/2023-03-22/28970d8af96598a16af2bd7635ae857f.jpeg', 0, '28970d8af96598a16af2bd7635ae857f', '', 'fe8fe234199a5c727ce02924ae3a4adba772fa78aaa1f-76b6df_fw658.jpg', 'image', 'jpeg', 3232235529, 1, 0, 1679470281, 1679470281);
INSERT INTO `hy_uploader` VALUES (6, '/public/image/2023-03-22/775a83ebe950baf4c353f63855f8e808.png', 0, '775a83ebe950baf4c353f63855f8e808', '', '1024.png', 'image', 'png', 3232235529, 1, 0, 1679470281, 1679470281);
INSERT INTO `hy_uploader` VALUES (7, '/public/image/2023-03-22/d7c22a4d1baca0ae99bc4d55f1abd534.jpeg', 0, 'd7c22a4d1baca0ae99bc4d55f1abd534', '', '微信图片_20221101140133.jpg', 'image', 'jpeg', 3232235529, 1, 0, 1679470281, 1679470281);
INSERT INTO `hy_uploader` VALUES (8, '/public/image/2023-03-22/af08df99616e3e4f1038b161ffcdaf70.jpeg', 3, 'af08df99616e3e4f1038b161ffcdaf70', '', 'ChMkLGN1liWIUfnuAACT6RmJ2J0AAJvMQJvgaUAAJQB562.jpg', 'image', 'jpeg', 3232235529, 1, 0, 1679470356, 1679470356);
INSERT INTO `hy_uploader` VALUES (9, '/public/image/2023-03-22/d7c22a4d1baca0ae99bc4d55f1abd534.jpeg', 0, 'd7c22a4d1baca0ae99bc4d55f1abd534', '', '微信图片_20221101140133.jpg', 'image', 'jpeg', 3232235529, 1, 0, 1679470356, 1679470356);
INSERT INTO `hy_uploader` VALUES (10, '/public/image/2023-03-22/28970d8af96598a16af2bd7635ae857f.jpeg', 0, '28970d8af96598a16af2bd7635ae857f', '', 'fe8fe234199a5c727ce02924ae3a4adba772fa78aaa1f-76b6df_fw658.jpg', 'image', 'jpeg', 3232235529, 1, 0, 1679470356, 1679470356);
INSERT INTO `hy_uploader` VALUES (11, '/public/image/2023-03-22/a2ef3be5483f6bf85ebf1e98464ecef6.jpeg', 0, 'a2ef3be5483f6bf85ebf1e98464ecef6', '', '0493d65c41c19fffd8bc341c72768bbce4ee8e4bacade-J1EtsC_fw658.jpg', 'image', 'jpeg', 3232235529, 1, 0, 1679470422, 1679470422);
INSERT INTO `hy_uploader` VALUES (12, '/public/image/2023-03-22/28970d8af96598a16af2bd7635ae857f.jpeg', 0, '28970d8af96598a16af2bd7635ae857f', '', 'fe8fe234199a5c727ce02924ae3a4adba772fa78aaa1f-76b6df_fw658.jpg', 'image', 'jpeg', 3232235529, 1, 0, 1679470422, 1679470422);
INSERT INTO `hy_uploader` VALUES (13, '/public/image/2023-03-22/b057021f7b5c616e8770948d87ad324d.jpeg', 0, 'b057021f7b5c616e8770948d87ad324d', '', '2ffe0e09ef2e4dc8b234ae5bed9c0d0b61ff05249fe80-Unu8Vg_fw658.jpg', 'image', 'jpeg', 3232235529, 1, 0, 1679470470, 1679470470);
INSERT INTO `hy_uploader` VALUES (14, '/public/image/2023-03-22/b5719ad31268b5fe0373c30d9b112889.jpeg', 0, 'b5719ad31268b5fe0373c30d9b112889', '', 'ddeb8684565b44ce317167fc6f7d36ca0d7101fc10c53-JQOLDt_fw658.jpg', 'image', 'jpeg', 3232235529, 1, 0, 1679470470, 1679470470);
INSERT INTO `hy_uploader` VALUES (15, '/public/image/2023-03-22/a2ef3be5483f6bf85ebf1e98464ecef6.jpeg', 0, 'a2ef3be5483f6bf85ebf1e98464ecef6', '', '0493d65c41c19fffd8bc341c72768bbce4ee8e4bacade-J1EtsC_fw658.jpg', 'image', 'jpeg', 3232235529, 1, 0, 1679470470, 1679470470);
INSERT INTO `hy_uploader` VALUES (16, '/public/image/2023-03-22/28970d8af96598a16af2bd7635ae857f.jpeg', 0, '28970d8af96598a16af2bd7635ae857f', '', 'fe8fe234199a5c727ce02924ae3a4adba772fa78aaa1f-76b6df_fw658.jpg', 'image', 'jpeg', 3232235529, 1, 0, 1679470470, 1679470470);
INSERT INTO `hy_uploader` VALUES (17, '/public/image/2023-03-22/b057021f7b5c616e8770948d87ad324d.jpeg', 0, 'b057021f7b5c616e8770948d87ad324d', '', '2ffe0e09ef2e4dc8b234ae5bed9c0d0b61ff05249fe80-Unu8Vg_fw658.jpg', 'image', 'jpeg', 3232235529, 1, 0, 0, NULL);
INSERT INTO `hy_uploader` VALUES (18, '/public/image/2023-03-22/a2ef3be5483f6bf85ebf1e98464ecef6.jpeg', 0, 'a2ef3be5483f6bf85ebf1e98464ecef6', '', '0493d65c41c19fffd8bc341c72768bbce4ee8e4bacade-J1EtsC_fw658.jpg', 'image', 'jpeg', 3232235529, 1, 0, 0, NULL);
INSERT INTO `hy_uploader` VALUES (19, '/public/image/2023-03-22/b5719ad31268b5fe0373c30d9b112889.jpeg', 0, 'b5719ad31268b5fe0373c30d9b112889', '', 'ddeb8684565b44ce317167fc6f7d36ca0d7101fc10c53-JQOLDt_fw658.jpg', 'image', 'jpeg', 3232235529, 1, 0, 0, NULL);
INSERT INTO `hy_uploader` VALUES (20, '/public/image/2023-03-22/28970d8af96598a16af2bd7635ae857f.jpeg', 0, '28970d8af96598a16af2bd7635ae857f', '', 'fe8fe234199a5c727ce02924ae3a4adba772fa78aaa1f-76b6df_fw658.jpg', 'image', 'jpeg', 3232235529, 1, 0, 0, NULL);
INSERT INTO `hy_uploader` VALUES (21, '/public/image/2023-03-22/d7c22a4d1baca0ae99bc4d55f1abd534.jpeg', 0, 'd7c22a4d1baca0ae99bc4d55f1abd534', '', '微信图片_20221101140133.jpg', 'image', 'jpeg', 3232235529, 1, 0, 0, NULL);
INSERT INTO `hy_uploader` VALUES (22, '/public/image/2023-03-22/775a83ebe950baf4c353f63855f8e808.png', 0, '775a83ebe950baf4c353f63855f8e808', '', '1024.png', 'image', 'png', 3232235529, 1, 0, 0, NULL);
INSERT INTO `hy_uploader` VALUES (23, '/public/image/2023-03-24/af08df99616e3e4f1038b161ffcdaf70.jpeg', 0, 'af08df99616e3e4f1038b161ffcdaf70', '', 'ChMkLGN1liWIUfnuAACT6RmJ2J0AAJvMQJvgaUAAJQB562.jpg', 'image', 'jpeg', 3232235529, 1, 0, 0, NULL);
INSERT INTO `hy_uploader` VALUES (24, '/public/image/2023-03-24/f45e58d0a0c8dad652a12ad3c7963c0d.jpeg', 0, 'f45e58d0a0c8dad652a12ad3c7963c0d', '', 'ChMkK2N1li6IKrkVAAEAb8Nx1agAAJvMQMkV5cAAQCH804.jpg', 'image', 'jpeg', 3232235529, 1, 0, 0, NULL);
INSERT INTO `hy_uploader` VALUES (25, '/public/image/2023-03-24/1e55ea5a72fdf654a011517737e07d0c.jpeg', 0, '1e55ea5a72fdf654a011517737e07d0c', '', 'ChMkK2N1liKIU7NsAADJoY1mwwcAAJvMQJRAXcAAMm5431.jpg', 'image', 'jpeg', 3232235529, 1, 0, 0, NULL);
INSERT INTO `hy_uploader` VALUES (26, '/public/image/2023-03-24/cadae5ccd8bfe93c4f80446a1bac899a.jpeg', 0, 'cadae5ccd8bfe93c4f80446a1bac899a', '', 'ChMkLGN1liiIOiwvAAED3OG0Qq0AAJvMQKvM3wAAQP0820.jpg', 'image', 'jpeg', 3232235529, 1, 0, 0, NULL);
INSERT INTO `hy_uploader` VALUES (30, '/public/image/2023-03-24/ae752e825c6b49875e13d9f5ea15b67c.jpeg', 0, 'ae752e825c6b49875e13d9f5ea15b67c', '', 'wallhaven-m981jm.jpg', 'image', 'jpeg', 3232235529, 1, 0, 0, NULL);
INSERT INTO `hy_uploader` VALUES (31, '/public/image/2023-03-24/6d90233c56d7041cf092ac7e3e89413e.png', 0, '6d90233c56d7041cf092ac7e3e89413e', '', '屏幕截图_20221026_112856.png', 'image', 'png', 3232235529, 1, 0, 0, NULL);
INSERT INTO `hy_uploader` VALUES (32, '/public/image/2023-03-24/be1208ae536b6e8a368acd12099314a4.png', 0, 'be1208ae536b6e8a368acd12099314a4', '', '屏幕截图_20221101_091325.png', 'image', 'png', 3232235529, 1, 0, 0, NULL);
INSERT INTO `hy_uploader` VALUES (33, '/public/video/2023-03-24/eb928dee38060bf4d42f0cef8b07e1b4.mp4', 0, 'eb928dee38060bf4d42f0cef8b07e1b4', '', 'd88300128a98aa2f1af78c75c77199d6.mp4', 'video', 'mp4', 3232235529, 1, 0, 0, NULL);
INSERT INTO `hy_uploader` VALUES (34, '/public/video/2023-03-24/eb42843f03cb52297f85e16379467720.mp4', 0, 'eb42843f03cb52297f85e16379467720', '', 'WeChat_20221213175823.mp4', 'video', 'mp4', 3232235529, 1, 0, 0, NULL);
INSERT INTO `hy_uploader` VALUES (35, '/public/image/2023-05-31/355634426104ba260d52468ec9d11f83.jpeg', 0, '355634426104ba260d52468ec9d11f83', '', 'O1CN01LBPS4C1GINkwsOTXS_!!2120460599.jpg_430x430q90.jpg', 'image', 'jpeg', 3232235529, 1, 0, 0, NULL);
INSERT INTO `hy_uploader` VALUES (36, '/public/image/2023-05-31/8436c5e4b0c38c00a71b8bcce254bdab.jpeg', 0, '8436c5e4b0c38c00a71b8bcce254bdab', '', 'O1CN01YsmgwZ1GINkv38rkn_!!2120460599.jpg_430x430q90.jpg', 'image', 'jpeg', 3232235529, 1, 0, 0, NULL);
INSERT INTO `hy_uploader` VALUES (37, '/public/image/2023-05-31/b473f5406774e2d701628e37c760cf54.jpeg', 0, 'b473f5406774e2d701628e37c760cf54', '', '2b2adccb6dc742fd.jpg', 'image', 'jpeg', 3232235529, 1, 0, 0, NULL);

-- ----------------------------
-- Table structure for hy_uploader_cate
-- ----------------------------
DROP TABLE IF EXISTS `hy_uploader_cate`;
CREATE TABLE `hy_uploader_cate`  (
  `id` int NOT NULL AUTO_INCREMENT,
  `title` varchar(50) CHARACTER SET utf8mb4 COLLATE utf8mb4_0900_ai_ci NOT NULL DEFAULT '',
  `sort` int NOT NULL DEFAULT 0,
  `create_time` int NOT NULL DEFAULT 0,
  `update_time` int NOT NULL DEFAULT 0,
  `delete_time` int NULL DEFAULT NULL,
  `status` tinyint(1) NOT NULL DEFAULT 1,
  PRIMARY KEY (`id`) USING BTREE
) ENGINE = InnoDB AUTO_INCREMENT = 4 CHARACTER SET = utf8mb4 COLLATE = utf8mb4_0900_ai_ci COMMENT = '图片分类' ROW_FORMAT = Dynamic;

-- ----------------------------
-- Records of hy_uploader_cate
-- ----------------------------
INSERT INTO `hy_uploader_cate` VALUES (1, 'test', 0, 0, 0, NULL, 1);
INSERT INTO `hy_uploader_cate` VALUES (2, '111', 0, 0, 0, NULL, 1);
INSERT INTO `hy_uploader_cate` VALUES (3, '222', 0, 1679369160, 1679369160, NULL, 1);

-- ----------------------------
-- Table structure for hy_user
-- ----------------------------
DROP TABLE IF EXISTS `hy_user`;
CREATE TABLE `hy_user`  (
  `id` int UNSIGNED NOT NULL AUTO_INCREMENT COMMENT '主键',
  `userName` varchar(255) CHARACTER SET utf8mb4 COLLATE utf8mb4_0900_ai_ci NOT NULL DEFAULT '' COMMENT '用户名',
  `avatar_url` varchar(500) CHARACTER SET utf8mb4 COLLATE utf8mb4_0900_ai_ci NOT NULL DEFAULT '' COMMENT '头像',
  `password` char(32) CHARACTER SET utf8mb4 COLLATE utf8mb4_0900_ai_ci NOT NULL DEFAULT '' COMMENT '密码',
  `phone` varchar(12) CHARACTER SET utf8mb4 COLLATE utf8mb4_0900_ai_ci NOT NULL DEFAULT '',
  `sex` tinyint(1) NOT NULL DEFAULT 0 COMMENT '性别 0默认 2女 1男 3保密',
  `email` varchar(500) CHARACTER SET utf8mb4 COLLATE utf8mb4_0900_ai_ci NOT NULL DEFAULT '',
  `description` varchar(200) CHARACTER SET utf8mb4 COLLATE utf8mb4_0900_ai_ci NOT NULL DEFAULT '',
  `autograph` varchar(200) CHARACTER SET utf8mb4 COLLATE utf8mb4_0900_ai_ci NOT NULL DEFAULT '' COMMENT '签名',
  `code` char(32) CHARACTER SET utf8mb4 COLLATE utf8mb4_0900_ai_ci NOT NULL DEFAULT '' COMMENT '随机字符串',
  `token` varchar(500) CHARACTER SET utf8mb4 COLLATE utf8mb4_0900_ai_ci NOT NULL DEFAULT '' COMMENT 'token',
  `pwd_strength` tinyint(1) NOT NULL DEFAULT 0 COMMENT '密码强度：0弱 1一般 2强 极强',
  `last_login_ip` bigint(20) UNSIGNED ZEROFILL NOT NULL DEFAULT 00000000000000000000 COMMENT '最后登录ip',
  `last_login_time` int NOT NULL DEFAULT 0,
  `status` tinyint(1) NOT NULL DEFAULT 1,
  `create_time` int NOT NULL DEFAULT 0,
  `update_time` int NOT NULL DEFAULT 0,
  `delete_time` int NULL DEFAULT NULL,
  PRIMARY KEY (`id`) USING BTREE,
  INDEX `idx_IdUserName`(`id` ASC, `userName` ASC) USING BTREE,
  INDEX `idx_IdPhone`(`id` ASC, `phone` ASC) USING BTREE,
  INDEX `idx_IdEmail`(`id` ASC, `email` ASC) USING BTREE,
  INDEX `idx_userName`(`userName` ASC) USING BTREE,
  INDEX `idx_phone`(`phone` ASC) USING BTREE,
  INDEX `idx_email`(`email` ASC) USING BTREE,
  INDEX `idx_id_dele`(`id` ASC, `delete_time` ASC) USING BTREE
) ENGINE = InnoDB AUTO_INCREMENT = 8 CHARACTER SET = utf8mb4 COLLATE = utf8mb4_0900_ai_ci ROW_FORMAT = Dynamic;

-- ----------------------------
-- Records of hy_user
-- ----------------------------
INSERT INTO `hy_user` VALUES (1, 'admin', '/public/image/2023-03-22/d7c22a4d1baca0ae99bc4d55f1abd534.jpeg', 'a7b43e4626e3e6f6744e7440b60f6006', '15212345678', 1, 'admin@admin.com', '', '今天的努力是为了实现小时候吹过的牛逼', 'e439e8c47f5d6a2a8c260127b59f24c4', '', 0, 00000000003232235529, 1686016125, 1, 1678957452, 1686016125, NULL);
INSERT INTO `hy_user` VALUES (2, 'test1', '', '6e7edcdd68ddd57fbc78dc46d1617315', '', 0, '', '', '', '0ca175b9c0f726a831d895e269332461', '', 0, 00000000003232235529, 1682319023, 1, 1678957452, 1682319023, NULL);
INSERT INTO `hy_user` VALUES (7, 'text1', '', 'aad8f1d954f8b18aaa58b9c99a73cb93', '13320251148', 0, '243194993@qq.com', '', '', 'bd2449dcbfff057acbd29e14a805ca31', '', 0, 00000000003232235529, 1684135302, 1, 1682317058, 1684135302, NULL);

-- ----------------------------
-- Table structure for hy_user_address
-- ----------------------------
DROP TABLE IF EXISTS `hy_user_address`;
CREATE TABLE `hy_user_address`  (
  `id` int NOT NULL AUTO_INCREMENT,
  `user_id` int NOT NULL DEFAULT 0 COMMENT '用户ID',
  `name` varchar(20) CHARACTER SET utf8mb4 COLLATE utf8mb4_0900_ai_ci NOT NULL DEFAULT '' COMMENT '用户名',
  `mobile` varchar(11) CHARACTER SET utf8mb4 COLLATE utf8mb4_0900_ai_ci NOT NULL DEFAULT '' COMMENT '手机号',
  `addressName` varchar(500) CHARACTER SET utf8mb4 COLLATE utf8mb4_0900_ai_ci NOT NULL DEFAULT '' COMMENT '地址名',
  `address` varchar(500) CHARACTER SET utf8mb4 COLLATE utf8mb4_0900_ai_ci NOT NULL DEFAULT '' COMMENT '地址',
  `area` varchar(200) CHARACTER SET utf8mb4 COLLATE utf8mb4_0900_ai_ci NOT NULL DEFAULT '' COMMENT '门牌号',
  `is_default` tinyint(1) NOT NULL DEFAULT 0 COMMENT '是否是默认',
  `lat` varchar(500) CHARACTER SET utf8mb4 COLLATE utf8mb4_0900_ai_ci NOT NULL DEFAULT '',
  `lng` varchar(500) CHARACTER SET utf8mb4 COLLATE utf8mb4_0900_ai_ci NOT NULL DEFAULT '',
  `user_del` tinyint(1) NOT NULL DEFAULT 0 COMMENT '用户是否删除 0-未，1-删除',
  `status` tinyint(1) NOT NULL DEFAULT 1,
  `create_time` int NOT NULL DEFAULT 0,
  `update_time` int NOT NULL DEFAULT 0,
  `delete_time` int NULL DEFAULT NULL,
  PRIMARY KEY (`id`) USING BTREE,
  INDEX `idx_user`(`user_id` ASC) USING BTREE
) ENGINE = InnoDB AUTO_INCREMENT = 2 CHARACTER SET = utf8mb4 COLLATE = utf8mb4_0900_ai_ci COMMENT = '用户地址表' ROW_FORMAT = Dynamic;

-- ----------------------------
-- Records of hy_user_address
-- ----------------------------
INSERT INTO `hy_user_address` VALUES (1, 2, '涛涛', '15812345678', '南岸区南坪上海城嘉德中心2号', '重庆市南岸区南坪西路38-9号', '128楼', 0, '29.528989577387', '106.56145966625', 0, 1, 1686020916, 1686020916, NULL);

-- ----------------------------
-- Table structure for hy_user_browsing_history
-- ----------------------------
DROP TABLE IF EXISTS `hy_user_browsing_history`;
CREATE TABLE `hy_user_browsing_history`  (
  `goods_id` int NOT NULL DEFAULT 0,
  `user_id` int NOT NULL DEFAULT 0,
  `number` int NOT NULL DEFAULT 0,
  `create_time` int NOT NULL DEFAULT 0,
  `update_time` int NOT NULL DEFAULT 0,
  UNIQUE INDEX `unq_u_g`(`goods_id` ASC, `user_id` ASC) USING BTREE,
  INDEX `idx_u_g`(`goods_id` ASC, `user_id` ASC) USING BTREE
) ENGINE = InnoDB CHARACTER SET = utf8mb4 COLLATE = utf8mb4_0900_ai_ci COMMENT = '用户商品浏览记录' ROW_FORMAT = Dynamic;

-- ----------------------------
-- Records of hy_user_browsing_history
-- ----------------------------
INSERT INTO `hy_user_browsing_history` VALUES (2, 2, 19, 1686023943, 1686034668);
INSERT INTO `hy_user_browsing_history` VALUES (40, 2, 2, 1686022516, 1686022517);
INSERT INTO `hy_user_browsing_history` VALUES (42, 2, 2, 1686022513, 1686022514);
INSERT INTO `hy_user_browsing_history` VALUES (43, 2, 3, 1686022174, 1686022190);
INSERT INTO `hy_user_browsing_history` VALUES (44, 1, 4, 1686021892, 1686022164);
INSERT INTO `hy_user_browsing_history` VALUES (44, 2, 8, 1686022218, 1686034621);

-- ----------------------------
-- Table structure for hy_user_collect
-- ----------------------------
DROP TABLE IF EXISTS `hy_user_collect`;
CREATE TABLE `hy_user_collect`  (
  `id` int NOT NULL AUTO_INCREMENT,
  `user_id` int NOT NULL DEFAULT 0,
  `goods_id` int NOT NULL DEFAULT 0,
  `sku_id` int NOT NULL DEFAULT 0,
  `title` varchar(200) CHARACTER SET utf8mb4 COLLATE utf8mb4_0900_ai_ci NOT NULL DEFAULT '',
  `url` varchar(500) CHARACTER SET utf8mb4 COLLATE utf8mb4_0900_ai_ci NOT NULL DEFAULT '',
  `price` decimal(10, 2) NOT NULL DEFAULT 0.00,
  PRIMARY KEY (`id`) USING BTREE,
  UNIQUE INDEX `uniq_g_u`(`user_id` ASC, `goods_id` ASC) USING BTREE,
  INDEX `idx_g_u`(`user_id` ASC, `goods_id` ASC) USING BTREE
) ENGINE = InnoDB AUTO_INCREMENT = 3 CHARACTER SET = utf8mb4 COLLATE = utf8mb4_0900_ai_ci COMMENT = '用户收藏' ROW_FORMAT = Dynamic;

-- ----------------------------
-- Records of hy_user_collect
-- ----------------------------
INSERT INTO `hy_user_collect` VALUES (1, 2, 44, 144, '古黛妃 短袖t恤女 春夏装2019新款韩版宽松', '/public/image/2023-05-31/b473f5406774e2d701628e37c760cf54.jpeg', 100.00);
INSERT INTO `hy_user_collect` VALUES (2, 1, 35, 99, '古黛妃 短袖t恤女 春夏装2019新款韩版宽松', '/public/image/2023-05-31/b473f5406774e2d701628e37c760cf54.jpeg', 100.00);

-- ----------------------------
-- Table structure for hy_user_comments
-- ----------------------------
DROP TABLE IF EXISTS `hy_user_comments`;
CREATE TABLE `hy_user_comments`  (
  `id` int NOT NULL AUTO_INCREMENT,
  `user_id` int NOT NULL DEFAULT 0 COMMENT '用户ID',
  `parent_id` int NOT NULL DEFAULT 0,
  `goods_id` int NOT NULL DEFAULT 0 COMMENT '商品ID',
  `comment` text CHARACTER SET utf8mb4 COLLATE utf8mb4_0900_ai_ci NULL COMMENT '评论内容',
  `logo` json NULL,
  `sku_name` varchar(500) CHARACTER SET utf8mb4 COLLATE utf8mb4_0900_ai_ci NOT NULL DEFAULT '',
  `nickName` varchar(500) CHARACTER SET utf8mb4 COLLATE utf8mb4_0900_ai_ci NOT NULL DEFAULT '',
  `rating` int NOT NULL DEFAULT 0 COMMENT '评分',
  `status` tinyint(1) NOT NULL DEFAULT 1,
  `create_time` int NOT NULL DEFAULT 0,
  `update_time` int NOT NULL DEFAULT 0,
  `delete_time` int NULL DEFAULT NULL,
  PRIMARY KEY (`id`) USING BTREE
) ENGINE = InnoDB AUTO_INCREMENT = 31 CHARACTER SET = utf8mb4 COLLATE = utf8mb4_0900_ai_ci COMMENT = '用户评论表' ROW_FORMAT = Dynamic;

-- ----------------------------
-- Records of hy_user_comments
-- ----------------------------
INSERT INTO `hy_user_comments` VALUES (1, 28, 0, 571, 'To start working with your server in Navicat, you should first establish a connection or several connections using the Connection window. SQL Editor allows you to create and edit SQL text, prepare and execute selected queries. In the Objects tab, you can use the List List, Detail Detail and ER Diagram ER Diagram buttons to change the object view. Navicat Cloud could not connect and access your databases. By which it means, it could only store your connection settings, queries, model files, and virtual group; your database passwords and data (e.g. tables, views, etc) will not be stored to Navicat Cloud. Flexible settings enable you to set up a custom key for comparison and synchronization. The Main Window consists of several toolbars and panes for you to work on connections, database objects and advanced tools. You cannot save people, you can just love them. SSH serves to prevent such vulnerabilities and allows you to access a remote server\'s shell without compromising security. If the plan doesn’t work, change the plan, but never the goal. Import Wizard allows you to import data to tables/collections from CSV, TXT, XML, DBF and more. Navicat Data Modeler enables you to build high-quality conceptual, logical and physical data models for a wide variety of audiences. Navicat Monitor requires a repository to store alerts and metrics for historical analysis. All journeys have secret destinations of which the traveler is unaware. Creativity is intelligence having fun. I destroy my enemies when I make them my friends. It wasn’t raining when Noah built the ark. With its well-designed Graphical User Interface(GUI), Navicat lets you quickly and easily create, organize, access and share information in a secure and easy way. A comfort zone is a beautiful place, but nothing ever grows there. There is no way to happiness. Happiness is the way. In other words, Navicat provides the ability for data in different databases and/or schemas to be kept up-to-date so that each repository contains the same information. It collects process metrics such as CPU load, RAM usage, and a variety of other resources over SSH/SNMP. In other words, Navicat provides the ability for data in different databases and/or schemas to be kept up-to-date so that each repository contains the same information. How we spend our days is, of course, how we spend our lives. Navicat provides a wide range advanced features, such as compelling code editing capabilities, smart code-completion, SQL formatting, and more. Navicat 15 has added support for the system-wide dark mode. A man’s best friends are his ten fingers. Genius is an infinite capacity for taking pains. Navicat Cloud could not connect and access your databases. By which it means, it could only store your connection settings, queries, model files, and virtual group; your database passwords and data (e.g. tables, views, etc) will not be stored to Navicat Cloud. How we spend our days is, of course, how we spend our lives. Navicat Cloud provides a cloud service for synchronizing connections, queries, model files and virtual group information from Navicat, other Navicat family members, different machines and different platforms. Navicat Data Modeler is a powerful and cost-effective database design tool which helps you build high-quality conceptual, logical and physical data models. Actually it is just in an idea when feel oneself can achieve and cannot achieve. Remember that failure is an event, not a person. You must be the change you wish to see in the world. Navicat authorizes you to make connection to remote servers running on different platforms (i.e. Windows, macOS, Linux and UNIX), and supports PAM and GSSAPI authentication. To get a secure connection, the first thing you need to do is to install OpenSSL Library and download Database Source. A man is not old until regrets take the place of dreams. Export Wizard allows you to export data from tables, collections, views, or query results to any available formats. I will greet this day with love in my heart. Navicat Cloud could not connect and access your databases. By which it means, it could only store your connection settings, queries, model files, and virtual group; your database passwords and data (e.g. tables, views, etc) will not be stored to Navicat Cloud. If your Internet Service Provider (ISP) does not provide direct access to its server, Secure Tunneling Protocol (SSH) / HTTP is another solution. The first step is as good as half over. Navicat Data Modeler enables you to build high-quality conceptual, logical and physical data models for a wide variety of audiences. If you wait, all that happens is you get older. You will succeed because most people are lazy. I will greet this day with love in my heart. The first step is as good as half over. Import Wizard allows you to import data to tables/collections from CSV, TXT, XML, DBF and more.', NULL, '', '', 60, 3, 901, 666, 716);
INSERT INTO `hy_user_comments` VALUES (2, 543, 0, 723, 'Monitored servers include MySQL, MariaDB and SQL Server, and compatible with cloud databases like Amazon RDS, Amazon Aurora, Oracle Cloud, Google Cloud and Microsoft Azure. It collects process metrics such as CPU load, RAM usage, and a variety of other resources over SSH/SNMP.', NULL, '', '', 840, 13, 336, 911, 887);
INSERT INTO `hy_user_comments` VALUES (3, 743, 0, 279, 'To successfully establish a new connection to local/remote server - no matter via SSL or SSH, set the database login information in the General tab. Navicat allows you to transfer data from one database and/or schema to another with detailed analytical process. All the Navicat Cloud objects are located under different projects. You can share the project to other Navicat Cloud accounts for collaboration. The Navigation pane employs tree structure which allows you to take action upon the database and their objects through their pop-up menus quickly and easily. HTTP Tunneling is a method for connecting to a server that uses the same protocol (http://) and the same port (port 80) as a web server does. How we spend our days is, of course, how we spend our lives. The first step is as good as half over. Actually it is just in an idea when feel oneself can achieve and cannot achieve. Always keep your eyes open. Keep watching. Because whatever you see can inspire you. Navicat Data Modeler is a powerful and cost-effective database design tool which helps you build high-quality conceptual, logical and physical data models. Always keep your eyes open. Keep watching. Because whatever you see can inspire you. If the plan doesn’t work, change the plan, but never the goal. To clear or reload various internal caches, flush tables, or acquire locks, control-click your connection in the Navigation pane and select Flush and choose the flush option. You must have the reload privilege to use this feature. You can select any connections, objects or projects, and then select the corresponding buttons on the Information Pane. Such sessions are also susceptible to session hijacking, where a malicious user takes over your session once you have authenticated. The first step is as good as half over. How we spend our days is, of course, how we spend our lives. Monitored servers include MySQL, MariaDB and SQL Server, and compatible with cloud databases like Amazon RDS, Amazon Aurora, Oracle Cloud, Google Cloud and Microsoft Azure. To open a query using an external editor, control-click it and select Open with External Editor. You can set the file path of an external editor in Preferences. Champions keep playing until they get it right. If you wait, all that happens is you get older. It collects process metrics such as CPU load, RAM usage, and a variety of other resources over SSH/SNMP. I will greet this day with love in my heart. In the middle of winter I at last discovered that there was in me an invincible summer. Navicat Data Modeler enables you to build high-quality conceptual, logical and physical data models for a wide variety of audiences. What you get by achieving your goals is not as important as what you become by achieving your goals. In other words, Navicat provides the ability for data in different databases and/or schemas to be kept up-to-date so that each repository contains the same information. In the Objects tab, you can use the List List, Detail Detail and ER Diagram ER Diagram buttons to change the object view. Anyone who has never made a mistake has never tried anything new. Instead of wondering when your next vacation is, maybe you should set up a life you don’t need to escape from. If you wait, all that happens is you get older. To successfully establish a new connection to local/remote server - no matter via SSL or SSH, set the database login information in the General tab. The Main Window consists of several toolbars and panes for you to work on connections, database objects and advanced tools. If the plan doesn’t work, change the plan, but never the goal. The past has no power over the present moment. Actually it is just in an idea when feel oneself can achieve and cannot achieve. Monitored servers include MySQL, MariaDB and SQL Server, and compatible with cloud databases like Amazon RDS, Amazon Aurora, Oracle Cloud, Google Cloud and Microsoft Azure. A comfort zone is a beautiful place, but nothing ever grows there. I destroy my enemies when I make them my friends. It wasn’t raining when Noah built the ark. Secure Sockets Layer(SSL) is a protocol for transmitting private documents via the Internet. Monitored servers include MySQL, MariaDB and SQL Server, and compatible with cloud databases like Amazon RDS, Amazon Aurora, Oracle Cloud, Google Cloud and Microsoft Azure. A man’s best friends are his ten fingers. Navicat authorizes you to make connection to remote servers running on different platforms (i.e. Windows, macOS, Linux and UNIX), and supports PAM and GSSAPI authentication. Sometimes you win, sometimes you learn. Remember that failure is an event, not a person. You cannot save people, you can just love them. There is no way to happiness. Happiness is the way. Actually it is just in an idea when feel oneself can achieve and cannot achieve. I will greet this day with love in my heart. All journeys have secret destinations of which the traveler is unaware. You will succeed because most people are lazy. Optimism is the one quality more associated with success and happiness than any other. SSH serves to prevent such vulnerabilities and allows you to access a remote server\'s shell without compromising security. Actually it is just in an idea when feel oneself can achieve and cannot achieve. Export Wizard allows you to export data from tables, collections, views, or query results to any available formats. With its well-designed Graphical User Interface(GUI), Navicat lets you quickly and easily create, organize, access and share information in a secure and easy way. All the Navicat Cloud objects are located under different projects. You can share the project to other Navicat Cloud accounts for collaboration. To successfully establish a new connection to local/remote server - no matter via SSL or SSH, set the database login information in the General tab. A man’s best friends are his ten fingers. Navicat Monitor can be installed on any local computer or virtual machine and does not require any software installation on the servers being monitored. Sometimes you win, sometimes you learn. You must be the change you wish to see in the world. With its well-designed Graphical User Interface(GUI), Navicat lets you quickly and easily create, organize, access and share information in a secure and easy way. All journeys have secret destinations of which the traveler is unaware. Anyone who has never made a mistake has never tried anything new. A comfort zone is a beautiful place, but nothing ever grows there. Always keep your eyes open. Keep watching. Because whatever you see can inspire you. You cannot save people, you can just love them. To open a query using an external editor, control-click it and select Open with External Editor. You can set the file path of an external editor in Preferences. Navicat 15 has added support for the system-wide dark mode. The repository database can be an existing MySQL, MariaDB, PostgreSQL, SQL Server, or Amazon RDS instance. If the Show objects under schema in navigation pane option is checked at the Preferences window, all database objects are also displayed in the pane. Remember that failure is an event, not a person. Navicat Monitor is a safe, simple and agentless remote server monitoring tool that is packed with powerful features to make your monitoring effective as possible. Champions keep playing until they get it right. Navicat Monitor requires a repository to store alerts and metrics for historical analysis. Navicat is a multi-connections Database Administration tool allowing you to connect to MySQL, Oracle, PostgreSQL, SQLite, SQL Server, MariaDB and/or MongoDB databases, making database administration to multiple kinds of database so easy. A man’s best friends are his ten fingers. How we spend our days is, of course, how we spend our lives. Export Wizard allows you to export data from tables, collections, views, or query results to any available formats. You cannot save people, you can just love them. The first step is as good as half over. Secure SHell (SSH) is a program to log in into another computer over a network, execute commands on a remote server, and move files from one machine to another. To clear or reload various internal caches, flush tables, or acquire locks, control-click your connection in the Navigation pane and select Flush and choose the flush option. You must have the reload privilege to use this feature. In the Objects tab, you can use the List List, Detail Detail and ER Diagram ER Diagram buttons to change the object view. A query is used to extract data from the database in a readable format according to the user\'s request.', NULL, '', '', 741, 111, 356, 710, 518);
INSERT INTO `hy_user_comments` VALUES (4, 902, 0, 929, 'The repository database can be an existing MySQL, MariaDB, PostgreSQL, SQL Server, or Amazon RDS instance. What you get by achieving your goals is not as important as what you become by achieving your goals. I destroy my enemies when I make them my friends. A man’s best friends are his ten fingers. After comparing data, the window shows the number of records that will be inserted, updated or deleted in the target. If the plan doesn’t work, change the plan, but never the goal. The On Startup feature allows you to control what tabs appear when you launch Navicat. To connect to a database or schema, simply double-click it in the pane. If your Internet Service Provider (ISP) does not provide direct access to its server, Secure Tunneling Protocol (SSH) / HTTP is another solution. A man’s best friends are his ten fingers. You must be the change you wish to see in the world. The Main Window consists of several toolbars and panes for you to work on connections, database objects and advanced tools. Remember that failure is an event, not a person. If you wait, all that happens is you get older. There is no way to happiness. Happiness is the way. Navicat authorizes you to make connection to remote servers running on different platforms (i.e. Windows, macOS, Linux and UNIX), and supports PAM and GSSAPI authentication. Monitored servers include MySQL, MariaDB and SQL Server, and compatible with cloud databases like Amazon RDS, Amazon Aurora, Oracle Cloud, Google Cloud and Microsoft Azure. You cannot save people, you can just love them. Navicat Cloud could not connect and access your databases. By which it means, it could only store your connection settings, queries, model files, and virtual group; your database passwords and data (e.g. tables, views, etc) will not be stored to Navicat Cloud. Import Wizard allows you to import data to tables/collections from CSV, TXT, XML, DBF and more. Anyone who has ever made anything of importance was disciplined. Navicat authorizes you to make connection to remote servers running on different platforms (i.e. Windows, macOS, Linux and UNIX), and supports PAM and GSSAPI authentication. I will greet this day with love in my heart. Such sessions are also susceptible to session hijacking, where a malicious user takes over your session once you have authenticated. After logged in the Navicat Cloud feature, the Navigation pane will be divided into Navicat Cloud and My Connections sections. If the Show objects under schema in navigation pane option is checked at the Preferences window, all database objects are also displayed in the pane. The On Startup feature allows you to control what tabs appear when you launch Navicat. Navicat Monitor can be installed on any local computer or virtual machine and does not require any software installation on the servers being monitored. All journeys have secret destinations of which the traveler is unaware. The On Startup feature allows you to control what tabs appear when you launch Navicat. HTTP Tunneling is a method for connecting to a server that uses the same protocol (http://) and the same port (port 80) as a web server does. To start working with your server in Navicat, you should first establish a connection or several connections using the Connection window. A man’s best friends are his ten fingers. Success consists of going from failure to failure without loss of enthusiasm. Such sessions are also susceptible to session hijacking, where a malicious user takes over your session once you have authenticated. I destroy my enemies when I make them my friends. SQL Editor allows you to create and edit SQL text, prepare and execute selected queries. A man’s best friends are his ten fingers. After comparing data, the window shows the number of records that will be inserted, updated or deleted in the target. Secure SHell (SSH) is a program to log in into another computer over a network, execute commands on a remote server, and move files from one machine to another. Such sessions are also susceptible to session hijacking, where a malicious user takes over your session once you have authenticated. Navicat Cloud could not connect and access your databases. By which it means, it could only store your connection settings, queries, model files, and virtual group; your database passwords and data (e.g. tables, views, etc) will not be stored to Navicat Cloud. Import Wizard allows you to import data to tables/collections from CSV, TXT, XML, DBF and more. SSH serves to prevent such vulnerabilities and allows you to access a remote server\'s shell without compromising security. Navicat authorizes you to make connection to remote servers running on different platforms (i.e. Windows, macOS, Linux and UNIX), and supports PAM and GSSAPI authentication.', NULL, '', '', 8, 122, 641, 347, 664);
INSERT INTO `hy_user_comments` VALUES (5, 354, 0, 73, 'There is no way to happiness. Happiness is the way. Monitored servers include MySQL, MariaDB and SQL Server, and compatible with cloud databases like Amazon RDS, Amazon Aurora, Oracle Cloud, Google Cloud and Microsoft Azure. The Synchronize to Database function will give you a full picture of all database differences. It can also manage cloud databases such as Amazon Redshift, Amazon RDS, Alibaba Cloud. Features in Navicat are sophisticated enough to provide professional developers for all their specific needs, yet easy to learn for users who are new to database server. Anyone who has ever made anything of importance was disciplined. Secure SHell (SSH) is a program to log in into another computer over a network, execute commands on a remote server, and move files from one machine to another. Navicat provides powerful tools for working with queries: Query Editor for editing the query text directly, and Query Builder, Find Builder or Aggregate Builder for building queries visually. You can select any connections, objects or projects, and then select the corresponding buttons on the Information Pane. It can also manage cloud databases such as Amazon Redshift, Amazon RDS, Alibaba Cloud. Features in Navicat are sophisticated enough to provide professional developers for all their specific needs, yet easy to learn for users who are new to database server. A man is not old until regrets take the place of dreams. It can also manage cloud databases such as Amazon Redshift, Amazon RDS, Alibaba Cloud. Features in Navicat are sophisticated enough to provide professional developers for all their specific needs, yet easy to learn for users who are new to database server. Navicat provides powerful tools for working with queries: Query Editor for editing the query text directly, and Query Builder, Find Builder or Aggregate Builder for building queries visually. If the Show objects under schema in navigation pane option is checked at the Preferences window, all database objects are also displayed in the pane. How we spend our days is, of course, how we spend our lives. Export Wizard allows you to export data from tables, collections, views, or query results to any available formats. If you wait, all that happens is you get older. It is used while your ISPs do not allow direct connections, but allows establishing HTTP connections. You cannot save people, you can just love them. Flexible settings enable you to set up a custom key for comparison and synchronization. Export Wizard allows you to export data from tables, collections, views, or query results to any available formats. To get a secure connection, the first thing you need to do is to install OpenSSL Library and download Database Source. How we spend our days is, of course, how we spend our lives. The Information Pane shows the detailed object information, project activities, the DDL of database objects, object dependencies, membership of users/roles and preview. You can select any connections, objects or projects, and then select the corresponding buttons on the Information Pane. After logged in the Navicat Cloud feature, the Navigation pane will be divided into Navicat Cloud and My Connections sections. To connect to a database or schema, simply double-click it in the pane. In other words, Navicat provides the ability for data in different databases and/or schemas to be kept up-to-date so that each repository contains the same information. A query is used to extract data from the database in a readable format according to the user\'s request. It provides strong authentication and secure encrypted communications between two hosts, known as SSH Port Forwarding (Tunneling), over an insecure network. Navicat Cloud provides a cloud service for synchronizing connections, queries, model files and virtual group information from Navicat, other Navicat family members, different machines and different platforms. Secure SHell (SSH) is a program to log in into another computer over a network, execute commands on a remote server, and move files from one machine to another. If opportunity doesn’t knock, build a door. If your Internet Service Provider (ISP) does not provide direct access to its server, Secure Tunneling Protocol (SSH) / HTTP is another solution. You will succeed because most people are lazy. The Synchronize to Database function will give you a full picture of all database differences. If your Internet Service Provider (ISP) does not provide direct access to its server, Secure Tunneling Protocol (SSH) / HTTP is another solution. To successfully establish a new connection to local/remote server - no matter via SSL or SSH, set the database login information in the General tab. Navicat provides powerful tools for working with queries: Query Editor for editing the query text directly, and Query Builder, Find Builder or Aggregate Builder for building queries visually. Optimism is the one quality more associated with success and happiness than any other. The past has no power over the present moment. Navicat Cloud could not connect and access your databases. By which it means, it could only store your connection settings, queries, model files, and virtual group; your database passwords and data (e.g. tables, views, etc) will not be stored to Navicat Cloud. Anyone who has never made a mistake has never tried anything new. To successfully establish a new connection to local/remote server - no matter via SSL or SSH, set the database login information in the General tab. I will greet this day with love in my heart. Navicat authorizes you to make connection to remote servers running on different platforms (i.e. Windows, macOS, Linux and UNIX), and supports PAM and GSSAPI authentication. To successfully establish a new connection to local/remote server - no matter via SSL, SSH or HTTP, set the database login information in the General tab. Success consists of going from failure to failure without loss of enthusiasm. If your Internet Service Provider (ISP) does not provide direct access to its server, Secure Tunneling Protocol (SSH) / HTTP is another solution. In the middle of winter I at last discovered that there was in me an invincible summer. All journeys have secret destinations of which the traveler is unaware. You can select any connections, objects or projects, and then select the corresponding buttons on the Information Pane. To start working with your server in Navicat, you should first establish a connection or several connections using the Connection window. If opportunity doesn’t knock, build a door. Typically, it is employed as an encrypted version of Telnet. The Information Pane shows the detailed object information, project activities, the DDL of database objects, object dependencies, membership of users/roles and preview. To get a secure connection, the first thing you need to do is to install OpenSSL Library and download Database Source. Success consists of going from failure to failure without loss of enthusiasm. Monitored servers include MySQL, MariaDB and SQL Server, and compatible with cloud databases like Amazon RDS, Amazon Aurora, Oracle Cloud, Google Cloud and Microsoft Azure. Navicat allows you to transfer data from one database and/or schema to another with detailed analytical process. Sometimes you win, sometimes you learn. The reason why a great man is great is that he resolves to be a great man. Difficult circumstances serve as a textbook of life for people. What you get by achieving your goals is not as important as what you become by achieving your goals. In other words, Navicat provides the ability for data in different databases and/or schemas to be kept up-to-date so that each repository contains the same information. To open a query using an external editor, control-click it and select Open with External Editor. You can set the file path of an external editor in Preferences. Navicat provides powerful tools for working with queries: Query Editor for editing the query text directly, and Query Builder, Find Builder or Aggregate Builder for building queries visually. To successfully establish a new connection to local/remote server - no matter via SSL, SSH or HTTP, set the database login information in the General tab. A comfort zone is a beautiful place, but nothing ever grows there. I destroy my enemies when I make them my friends. There is no way to happiness. Happiness is the way. I destroy my enemies when I make them my friends. Anyone who has never made a mistake has never tried anything new. To connect to a database or schema, simply double-click it in the pane. If your Internet Service Provider (ISP) does not provide direct access to its server, Secure Tunneling Protocol (SSH) / HTTP is another solution. It wasn’t raining when Noah built the ark. You cannot save people, you can just love them. Difficult circumstances serve as a textbook of life for people. The past has no power over the present moment. If it scares you, it might be a good thing to try. It collects process metrics such as CPU load, RAM usage, and a variety of other resources over SSH/SNMP.', NULL, '', '', 54, 19, 998, 363, 461);
INSERT INTO `hy_user_comments` VALUES (6, 868, 1, 43, 'Flexible settings enable you to set up a custom key for comparison and synchronization. You must be the change you wish to see in the world. Navicat Monitor is a safe, simple and agentless remote server monitoring tool that is packed with powerful features to make your monitoring effective as possible. Such sessions are also susceptible to session hijacking, where a malicious user takes over your session once you have authenticated. Navicat Monitor is a safe, simple and agentless remote server monitoring tool that is packed with powerful features to make your monitoring effective as possible. Navicat Cloud provides a cloud service for synchronizing connections, queries, model files and virtual group information from Navicat, other Navicat family members, different machines and different platforms. The first step is as good as half over. To clear or reload various internal caches, flush tables, or acquire locks, control-click your connection in the Navigation pane and select Flush and choose the flush option. You must have the reload privilege to use this feature. Navicat Monitor can be installed on any local computer or virtual machine and does not require any software installation on the servers being monitored. You must be the change you wish to see in the world. Navicat allows you to transfer data from one database and/or schema to another with detailed analytical process. A man’s best friends are his ten fingers. Instead of wondering when your next vacation is, maybe you should set up a life you don’t need to escape from. SQL Editor allows you to create and edit SQL text, prepare and execute selected queries. All the Navicat Cloud objects are located under different projects. You can share the project to other Navicat Cloud accounts for collaboration. Flexible settings enable you to set up a custom key for comparison and synchronization. In a Telnet session, all communications, including username and password, are transmitted in plain-text, allowing anyone to listen-in on your session and steal passwords and other information. In other words, Navicat provides the ability for data in different databases and/or schemas to be kept up-to-date so that each repository contains the same information. Champions keep playing until they get it right. Always keep your eyes open. Keep watching. Because whatever you see can inspire you. The Information Pane shows the detailed object information, project activities, the DDL of database objects, object dependencies, membership of users/roles and preview. Difficult circumstances serve as a textbook of life for people. The Synchronize to Database function will give you a full picture of all database differences. Navicat Data Modeler enables you to build high-quality conceptual, logical and physical data models for a wide variety of audiences. Anyone who has ever made anything of importance was disciplined. Difficult circumstances serve as a textbook of life for people. If opportunity doesn’t knock, build a door. With its well-designed Graphical User Interface(GUI), Navicat lets you quickly and easily create, organize, access and share information in a secure and easy way. Navicat provides powerful tools for working with queries: Query Editor for editing the query text directly, and Query Builder, Find Builder or Aggregate Builder for building queries visually. Navicat Monitor is a safe, simple and agentless remote server monitoring tool that is packed with powerful features to make your monitoring effective as possible. Navicat provides a wide range advanced features, such as compelling code editing capabilities, smart code-completion, SQL formatting, and more. In a Telnet session, all communications, including username and password, are transmitted in plain-text, allowing anyone to listen-in on your session and steal passwords and other information. Navicat Monitor can be installed on any local computer or virtual machine and does not require any software installation on the servers being monitored. After comparing data, the window shows the number of records that will be inserted, updated or deleted in the target. SSH serves to prevent such vulnerabilities and allows you to access a remote server\'s shell without compromising security.', NULL, '', '', 365, 100, 819, 221, 218);
INSERT INTO `hy_user_comments` VALUES (7, 277, 2, 626, 'Navicat allows you to transfer data from one database and/or schema to another with detailed analytical process. The past has no power over the present moment. SQL Editor allows you to create and edit SQL text, prepare and execute selected queries. Secure SHell (SSH) is a program to log in into another computer over a network, execute commands on a remote server, and move files from one machine to another. The repository database can be an existing MySQL, MariaDB, PostgreSQL, SQL Server, or Amazon RDS instance. Navicat Monitor requires a repository to store alerts and metrics for historical analysis. Navicat Monitor requires a repository to store alerts and metrics for historical analysis. The first step is as good as half over. Remember that failure is an event, not a person. I destroy my enemies when I make them my friends. To connect to a database or schema, simply double-click it in the pane. Optimism is the one quality more associated with success and happiness than any other. In the middle of winter I at last discovered that there was in me an invincible summer. Anyone who has ever made anything of importance was disciplined. There is no way to happiness. Happiness is the way. A man’s best friends are his ten fingers.', NULL, '', '', 142, 104, 648, 452, 793);
INSERT INTO `hy_user_comments` VALUES (8, 243, 3, 917, 'If opportunity doesn’t knock, build a door. Champions keep playing until they get it right. What you get by achieving your goals is not as important as what you become by achieving your goals. Sometimes you win, sometimes you learn. Actually it is just in an idea when feel oneself can achieve and cannot achieve. It provides strong authentication and secure encrypted communications between two hosts, known as SSH Port Forwarding (Tunneling), over an insecure network. It can also manage cloud databases such as Amazon Redshift, Amazon RDS, Alibaba Cloud. Features in Navicat are sophisticated enough to provide professional developers for all their specific needs, yet easy to learn for users who are new to database server. Instead of wondering when your next vacation is, maybe you should set up a life you don’t need to escape from. The first step is as good as half over. I will greet this day with love in my heart. To get a secure connection, the first thing you need to do is to install OpenSSL Library and download Database Source. Remember that failure is an event, not a person. The Main Window consists of several toolbars and panes for you to work on connections, database objects and advanced tools. Navicat Monitor requires a repository to store alerts and metrics for historical analysis. With its well-designed Graphical User Interface(GUI), Navicat lets you quickly and easily create, organize, access and share information in a secure and easy way. What you get by achieving your goals is not as important as what you become by achieving your goals. Navicat Data Modeler enables you to build high-quality conceptual, logical and physical data models for a wide variety of audiences. You cannot save people, you can just love them. After logged in the Navicat Cloud feature, the Navigation pane will be divided into Navicat Cloud and My Connections sections. The repository database can be an existing MySQL, MariaDB, PostgreSQL, SQL Server, or Amazon RDS instance. Such sessions are also susceptible to session hijacking, where a malicious user takes over your session once you have authenticated. In a Telnet session, all communications, including username and password, are transmitted in plain-text, allowing anyone to listen-in on your session and steal passwords and other information. It collects process metrics such as CPU load, RAM usage, and a variety of other resources over SSH/SNMP. Flexible settings enable you to set up a custom key for comparison and synchronization. Secure SHell (SSH) is a program to log in into another computer over a network, execute commands on a remote server, and move files from one machine to another. Instead of wondering when your next vacation is, maybe you should set up a life you don’t need to escape from. Difficult circumstances serve as a textbook of life for people. The reason why a great man is great is that he resolves to be a great man. It collects process metrics such as CPU load, RAM usage, and a variety of other resources over SSH/SNMP. All journeys have secret destinations of which the traveler is unaware. Navicat is a multi-connections Database Administration tool allowing you to connect to MySQL, Oracle, PostgreSQL, SQLite, SQL Server, MariaDB and/or MongoDB databases, making database administration to multiple kinds of database so easy. Import Wizard allows you to import data to tables/collections from CSV, TXT, XML, DBF and more.', NULL, '', '', 663, 118, 309, 828, 268);
INSERT INTO `hy_user_comments` VALUES (9, 178, 4, 64, 'There is no way to happiness. Happiness is the way. The Synchronize to Database function will give you a full picture of all database differences. Creativity is intelligence having fun. The On Startup feature allows you to control what tabs appear when you launch Navicat. A comfort zone is a beautiful place, but nothing ever grows there. Navicat Cloud provides a cloud service for synchronizing connections, queries, model files and virtual group information from Navicat, other Navicat family members, different machines and different platforms. A query is used to extract data from the database in a readable format according to the user\'s request. The Synchronize to Database function will give you a full picture of all database differences. Remember that failure is an event, not a person. Navicat Cloud provides a cloud service for synchronizing connections, queries, model files and virtual group information from Navicat, other Navicat family members, different machines and different platforms. Optimism is the one quality more associated with success and happiness than any other. It can also manage cloud databases such as Amazon Redshift, Amazon RDS, Alibaba Cloud. Features in Navicat are sophisticated enough to provide professional developers for all their specific needs, yet easy to learn for users who are new to database server. With its well-designed Graphical User Interface(GUI), Navicat lets you quickly and easily create, organize, access and share information in a secure and easy way. SQL Editor allows you to create and edit SQL text, prepare and execute selected queries. With its well-designed Graphical User Interface(GUI), Navicat lets you quickly and easily create, organize, access and share information in a secure and easy way. There is no way to happiness. Happiness is the way. To get a secure connection, the first thing you need to do is to install OpenSSL Library and download Database Source. With its well-designed Graphical User Interface(GUI), Navicat lets you quickly and easily create, organize, access and share information in a secure and easy way. Anyone who has ever made anything of importance was disciplined. After comparing data, the window shows the number of records that will be inserted, updated or deleted in the target. HTTP Tunneling is a method for connecting to a server that uses the same protocol (http://) and the same port (port 80) as a web server does. If it scares you, it might be a good thing to try. If you wait, all that happens is you get older. Genius is an infinite capacity for taking pains. It wasn’t raining when Noah built the ark. If you wait, all that happens is you get older. If your Internet Service Provider (ISP) does not provide direct access to its server, Secure Tunneling Protocol (SSH) / HTTP is another solution. It collects process metrics such as CPU load, RAM usage, and a variety of other resources over SSH/SNMP. To successfully establish a new connection to local/remote server - no matter via SSL or SSH, set the database login information in the General tab. The Information Pane shows the detailed object information, project activities, the DDL of database objects, object dependencies, membership of users/roles and preview. I destroy my enemies when I make them my friends. With its well-designed Graphical User Interface(GUI), Navicat lets you quickly and easily create, organize, access and share information in a secure and easy way. Import Wizard allows you to import data to tables/collections from CSV, TXT, XML, DBF and more. The Navigation pane employs tree structure which allows you to take action upon the database and their objects through their pop-up menus quickly and easily. Anyone who has ever made anything of importance was disciplined. The repository database can be an existing MySQL, MariaDB, PostgreSQL, SQL Server, or Amazon RDS instance. To start working with your server in Navicat, you should first establish a connection or several connections using the Connection window. The Synchronize to Database function will give you a full picture of all database differences. How we spend our days is, of course, how we spend our lives. After comparing data, the window shows the number of records that will be inserted, updated or deleted in the target. In the Objects tab, you can use the List List, Detail Detail and ER Diagram ER Diagram buttons to change the object view. Export Wizard allows you to export data from tables, collections, views, or query results to any available formats.', NULL, '', '', 134, 126, 421, 974, 837);
INSERT INTO `hy_user_comments` VALUES (10, 691, 5, 534, 'Difficult circumstances serve as a textbook of life for people. All the Navicat Cloud objects are located under different projects. You can share the project to other Navicat Cloud accounts for collaboration. In other words, Navicat provides the ability for data in different databases and/or schemas to be kept up-to-date so that each repository contains the same information. To start working with your server in Navicat, you should first establish a connection or several connections using the Connection window. The On Startup feature allows you to control what tabs appear when you launch Navicat. Navicat Monitor can be installed on any local computer or virtual machine and does not require any software installation on the servers being monitored. After logged in the Navicat Cloud feature, the Navigation pane will be divided into Navicat Cloud and My Connections sections. Navicat Monitor can be installed on any local computer or virtual machine and does not require any software installation on the servers being monitored. It provides strong authentication and secure encrypted communications between two hosts, known as SSH Port Forwarding (Tunneling), over an insecure network. If your Internet Service Provider (ISP) does not provide direct access to its server, Secure Tunneling Protocol (SSH) / HTTP is another solution. If you wait, all that happens is you get older. Navicat allows you to transfer data from one database and/or schema to another with detailed analytical process. I will greet this day with love in my heart. Navicat Cloud could not connect and access your databases. By which it means, it could only store your connection settings, queries, model files, and virtual group; your database passwords and data (e.g. tables, views, etc) will not be stored to Navicat Cloud. You will succeed because most people are lazy. Navicat Monitor can be installed on any local computer or virtual machine and does not require any software installation on the servers being monitored. Actually it is just in an idea when feel oneself can achieve and cannot achieve. Navicat 15 has added support for the system-wide dark mode. Navicat provides a wide range advanced features, such as compelling code editing capabilities, smart code-completion, SQL formatting, and more. Optimism is the one quality more associated with success and happiness than any other. Sometimes you win, sometimes you learn. Navicat provides powerful tools for working with queries: Query Editor for editing the query text directly, and Query Builder, Find Builder or Aggregate Builder for building queries visually. Actually it is just in an idea when feel oneself can achieve and cannot achieve. It is used while your ISPs do not allow direct connections, but allows establishing HTTP connections. To clear or reload various internal caches, flush tables, or acquire locks, control-click your connection in the Navigation pane and select Flush and choose the flush option. You must have the reload privilege to use this feature. Typically, it is employed as an encrypted version of Telnet. After comparing data, the window shows the number of records that will be inserted, updated or deleted in the target. To start working with your server in Navicat, you should first establish a connection or several connections using the Connection window. The reason why a great man is great is that he resolves to be a great man. It is used while your ISPs do not allow direct connections, but allows establishing HTTP connections. If opportunity doesn’t knock, build a door. You cannot save people, you can just love them. I will greet this day with love in my heart. To get a secure connection, the first thing you need to do is to install OpenSSL Library and download Database Source. Navicat Cloud could not connect and access your databases. By which it means, it could only store your connection settings, queries, model files, and virtual group; your database passwords and data (e.g. tables, views, etc) will not be stored to Navicat Cloud. All journeys have secret destinations of which the traveler is unaware. The first step is as good as half over. If opportunity doesn’t knock, build a door. Navicat Data Modeler is a powerful and cost-effective database design tool which helps you build high-quality conceptual, logical and physical data models. It wasn’t raining when Noah built the ark. The reason why a great man is great is that he resolves to be a great man. Navicat Monitor can be installed on any local computer or virtual machine and does not require any software installation on the servers being monitored. To successfully establish a new connection to local/remote server - no matter via SSL or SSH, set the database login information in the General tab. Anyone who has never made a mistake has never tried anything new. It can also manage cloud databases such as Amazon Redshift, Amazon RDS, Alibaba Cloud. Features in Navicat are sophisticated enough to provide professional developers for all their specific needs, yet easy to learn for users who are new to database server. To clear or reload various internal caches, flush tables, or acquire locks, control-click your connection in the Navigation pane and select Flush and choose the flush option. You must have the reload privilege to use this feature. All journeys have secret destinations of which the traveler is unaware. The Navigation pane employs tree structure which allows you to take action upon the database and their objects through their pop-up menus quickly and easily. Remember that failure is an event, not a person. Such sessions are also susceptible to session hijacking, where a malicious user takes over your session once you have authenticated. A comfort zone is a beautiful place, but nothing ever grows there. Genius is an infinite capacity for taking pains. Navicat Data Modeler enables you to build high-quality conceptual, logical and physical data models for a wide variety of audiences. I will greet this day with love in my heart. I will greet this day with love in my heart. Monitored servers include MySQL, MariaDB and SQL Server, and compatible with cloud databases like Amazon RDS, Amazon Aurora, Oracle Cloud, Google Cloud and Microsoft Azure. If your Internet Service Provider (ISP) does not provide direct access to its server, Secure Tunneling Protocol (SSH) / HTTP is another solution. The past has no power over the present moment. If it scares you, it might be a good thing to try. Import Wizard allows you to import data to tables/collections from CSV, TXT, XML, DBF and more. The past has no power over the present moment. Navicat Cloud could not connect and access your databases. By which it means, it could only store your connection settings, queries, model files, and virtual group; your database passwords and data (e.g. tables, views, etc) will not be stored to Navicat Cloud. If your Internet Service Provider (ISP) does not provide direct access to its server, Secure Tunneling Protocol (SSH) / HTTP is another solution. Typically, it is employed as an encrypted version of Telnet. I will greet this day with love in my heart.', NULL, '', '', 312, 64, 809, 272, 69);
INSERT INTO `hy_user_comments` VALUES (11, 985, 6, 56, 'Difficult circumstances serve as a textbook of life for people. Secure SHell (SSH) is a program to log in into another computer over a network, execute commands on a remote server, and move files from one machine to another. A comfort zone is a beautiful place, but nothing ever grows there. The On Startup feature allows you to control what tabs appear when you launch Navicat. Anyone who has ever made anything of importance was disciplined. Navicat Monitor requires a repository to store alerts and metrics for historical analysis. HTTP Tunneling is a method for connecting to a server that uses the same protocol (http://) and the same port (port 80) as a web server does. If the plan doesn’t work, change the plan, but never the goal. What you get by achieving your goals is not as important as what you become by achieving your goals. Secure SHell (SSH) is a program to log in into another computer over a network, execute commands on a remote server, and move files from one machine to another. HTTP Tunneling is a method for connecting to a server that uses the same protocol (http://) and the same port (port 80) as a web server does. You can select any connections, objects or projects, and then select the corresponding buttons on the Information Pane. Navicat Data Modeler is a powerful and cost-effective database design tool which helps you build high-quality conceptual, logical and physical data models. You will succeed because most people are lazy. Navicat Monitor is a safe, simple and agentless remote server monitoring tool that is packed with powerful features to make your monitoring effective as possible. Genius is an infinite capacity for taking pains. I will greet this day with love in my heart. A man’s best friends are his ten fingers. You will succeed because most people are lazy. Secure Sockets Layer(SSL) is a protocol for transmitting private documents via the Internet. It provides strong authentication and secure encrypted communications between two hosts, known as SSH Port Forwarding (Tunneling), over an insecure network. The past has no power over the present moment. If the Show objects under schema in navigation pane option is checked at the Preferences window, all database objects are also displayed in the pane.', NULL, '', '', 383, 112, 640, 145, 578);
INSERT INTO `hy_user_comments` VALUES (12, 243, 7, 32, 'Import Wizard allows you to import data to tables/collections from CSV, TXT, XML, DBF and more. SQL Editor allows you to create and edit SQL text, prepare and execute selected queries. If your Internet Service Provider (ISP) does not provide direct access to its server, Secure Tunneling Protocol (SSH) / HTTP is another solution. Creativity is intelligence having fun. Navicat Data Modeler is a powerful and cost-effective database design tool which helps you build high-quality conceptual, logical and physical data models. You can select any connections, objects or projects, and then select the corresponding buttons on the Information Pane. SQL Editor allows you to create and edit SQL text, prepare and execute selected queries. I will greet this day with love in my heart. A comfort zone is a beautiful place, but nothing ever grows there. Import Wizard allows you to import data to tables/collections from CSV, TXT, XML, DBF and more. I will greet this day with love in my heart. A man’s best friends are his ten fingers. Anyone who has never made a mistake has never tried anything new. Typically, it is employed as an encrypted version of Telnet. Navicat Cloud could not connect and access your databases. By which it means, it could only store your connection settings, queries, model files, and virtual group; your database passwords and data (e.g. tables, views, etc) will not be stored to Navicat Cloud. You can select any connections, objects or projects, and then select the corresponding buttons on the Information Pane. To successfully establish a new connection to local/remote server - no matter via SSL or SSH, set the database login information in the General tab. Navicat provides a wide range advanced features, such as compelling code editing capabilities, smart code-completion, SQL formatting, and more. After comparing data, the window shows the number of records that will be inserted, updated or deleted in the target. I destroy my enemies when I make them my friends. Navicat 15 has added support for the system-wide dark mode. If it scares you, it might be a good thing to try. You cannot save people, you can just love them. If you wait, all that happens is you get older. To start working with your server in Navicat, you should first establish a connection or several connections using the Connection window. If the Show objects under schema in navigation pane option is checked at the Preferences window, all database objects are also displayed in the pane. The first step is as good as half over. You will succeed because most people are lazy. Instead of wondering when your next vacation is, maybe you should set up a life you don’t need to escape from. It is used while your ISPs do not allow direct connections, but allows establishing HTTP connections. If opportunity doesn’t knock, build a door. Champions keep playing until they get it right. The Information Pane shows the detailed object information, project activities, the DDL of database objects, object dependencies, membership of users/roles and preview. Such sessions are also susceptible to session hijacking, where a malicious user takes over your session once you have authenticated. Import Wizard allows you to import data to tables/collections from CSV, TXT, XML, DBF and more. All journeys have secret destinations of which the traveler is unaware. A man is not old until regrets take the place of dreams. In other words, Navicat provides the ability for data in different databases and/or schemas to be kept up-to-date so that each repository contains the same information. Flexible settings enable you to set up a custom key for comparison and synchronization. HTTP Tunneling is a method for connecting to a server that uses the same protocol (http://) and the same port (port 80) as a web server does. I may not have gone where I intended to go, but I think I have ended up where I needed to be. A man’s best friends are his ten fingers. Navicat Cloud could not connect and access your databases. By which it means, it could only store your connection settings, queries, model files, and virtual group; your database passwords and data (e.g. tables, views, etc) will not be stored to Navicat Cloud. Navicat Monitor can be installed on any local computer or virtual machine and does not require any software installation on the servers being monitored. If it scares you, it might be a good thing to try. What you get by achieving your goals is not as important as what you become by achieving your goals. Typically, it is employed as an encrypted version of Telnet. The Navigation pane employs tree structure which allows you to take action upon the database and their objects through their pop-up menus quickly and easily. A query is used to extract data from the database in a readable format according to the user\'s request. You cannot save people, you can just love them. Genius is an infinite capacity for taking pains. To start working with your server in Navicat, you should first establish a connection or several connections using the Connection window. Typically, it is employed as an encrypted version of Telnet. After logged in the Navicat Cloud feature, the Navigation pane will be divided into Navicat Cloud and My Connections sections. You cannot save people, you can just love them. If your Internet Service Provider (ISP) does not provide direct access to its server, Secure Tunneling Protocol (SSH) / HTTP is another solution. If the plan doesn’t work, change the plan, but never the goal. If the plan doesn’t work, change the plan, but never the goal. Secure Sockets Layer(SSL) is a protocol for transmitting private documents via the Internet. Always keep your eyes open. Keep watching. Because whatever you see can inspire you. The past has no power over the present moment. I may not have gone where I intended to go, but I think I have ended up where I needed to be. Difficult circumstances serve as a textbook of life for people. Navicat Monitor can be installed on any local computer or virtual machine and does not require any software installation on the servers being monitored. It can also manage cloud databases such as Amazon Redshift, Amazon RDS, Alibaba Cloud. Features in Navicat are sophisticated enough to provide professional developers for all their specific needs, yet easy to learn for users who are new to database server. Success consists of going from failure to failure without loss of enthusiasm. With its well-designed Graphical User Interface(GUI), Navicat lets you quickly and easily create, organize, access and share information in a secure and easy way. In other words, Navicat provides the ability for data in different databases and/or schemas to be kept up-to-date so that each repository contains the same information. The Information Pane shows the detailed object information, project activities, the DDL of database objects, object dependencies, membership of users/roles and preview. Monitored servers include MySQL, MariaDB and SQL Server, and compatible with cloud databases like Amazon RDS, Amazon Aurora, Oracle Cloud, Google Cloud and Microsoft Azure. Remember that failure is an event, not a person. If the Show objects under schema in navigation pane option is checked at the Preferences window, all database objects are also displayed in the pane. In a Telnet session, all communications, including username and password, are transmitted in plain-text, allowing anyone to listen-in on your session and steal passwords and other information. In the middle of winter I at last discovered that there was in me an invincible summer. After logged in the Navicat Cloud feature, the Navigation pane will be divided into Navicat Cloud and My Connections sections. Champions keep playing until they get it right. With its well-designed Graphical User Interface(GUI), Navicat lets you quickly and easily create, organize, access and share information in a secure and easy way. I destroy my enemies when I make them my friends. Import Wizard allows you to import data to tables/collections from CSV, TXT, XML, DBF and more. It provides strong authentication and secure encrypted communications between two hosts, known as SSH Port Forwarding (Tunneling), over an insecure network. All the Navicat Cloud objects are located under different projects. You can share the project to other Navicat Cloud accounts for collaboration. Monitored servers include MySQL, MariaDB and SQL Server, and compatible with cloud databases like Amazon RDS, Amazon Aurora, Oracle Cloud, Google Cloud and Microsoft Azure. Navicat allows you to transfer data from one database and/or schema to another with detailed analytical process. After logged in the Navicat Cloud feature, the Navigation pane will be divided into Navicat Cloud and My Connections sections.', NULL, '', '', 173, 123, 791, 280, 658);
INSERT INTO `hy_user_comments` VALUES (13, 373, 8, 375, 'Anyone who has ever made anything of importance was disciplined. If opportunity doesn’t knock, build a door. The reason why a great man is great is that he resolves to be a great man. Navicat Cloud could not connect and access your databases. By which it means, it could only store your connection settings, queries, model files, and virtual group; your database passwords and data (e.g. tables, views, etc) will not be stored to Navicat Cloud. If opportunity doesn’t knock, build a door. I destroy my enemies when I make them my friends. I destroy my enemies when I make them my friends. You can select any connections, objects or projects, and then select the corresponding buttons on the Information Pane. Difficult circumstances serve as a textbook of life for people. All journeys have secret destinations of which the traveler is unaware. Anyone who has ever made anything of importance was disciplined. Flexible settings enable you to set up a custom key for comparison and synchronization. SSH serves to prevent such vulnerabilities and allows you to access a remote server\'s shell without compromising security. Navicat authorizes you to make connection to remote servers running on different platforms (i.e. Windows, macOS, Linux and UNIX), and supports PAM and GSSAPI authentication. Anyone who has never made a mistake has never tried anything new. Remember that failure is an event, not a person. Sometimes you win, sometimes you learn. You cannot save people, you can just love them. Anyone who has ever made anything of importance was disciplined. If the Show objects under schema in navigation pane option is checked at the Preferences window, all database objects are also displayed in the pane. Sometimes you win, sometimes you learn. How we spend our days is, of course, how we spend our lives. Navicat Data Modeler is a powerful and cost-effective database design tool which helps you build high-quality conceptual, logical and physical data models. It wasn’t raining when Noah built the ark. Navicat provides a wide range advanced features, such as compelling code editing capabilities, smart code-completion, SQL formatting, and more. With its well-designed Graphical User Interface(GUI), Navicat lets you quickly and easily create, organize, access and share information in a secure and easy way.', NULL, '', '', 411, 4, 199, 745, 187);
INSERT INTO `hy_user_comments` VALUES (14, 616, 9, 856, 'Navicat provides powerful tools for working with queries: Query Editor for editing the query text directly, and Query Builder, Find Builder or Aggregate Builder for building queries visually. To start working with your server in Navicat, you should first establish a connection or several connections using the Connection window. To successfully establish a new connection to local/remote server - no matter via SSL, SSH or HTTP, set the database login information in the General tab. Navicat Cloud could not connect and access your databases. By which it means, it could only store your connection settings, queries, model files, and virtual group; your database passwords and data (e.g. tables, views, etc) will not be stored to Navicat Cloud. Difficult circumstances serve as a textbook of life for people. It provides strong authentication and secure encrypted communications between two hosts, known as SSH Port Forwarding (Tunneling), over an insecure network. SSH serves to prevent such vulnerabilities and allows you to access a remote server\'s shell without compromising security. The repository database can be an existing MySQL, MariaDB, PostgreSQL, SQL Server, or Amazon RDS instance. Difficult circumstances serve as a textbook of life for people. To successfully establish a new connection to local/remote server - no matter via SSL, SSH or HTTP, set the database login information in the General tab. The On Startup feature allows you to control what tabs appear when you launch Navicat. The Synchronize to Database function will give you a full picture of all database differences. The Synchronize to Database function will give you a full picture of all database differences. If you wait, all that happens is you get older. A man is not old until regrets take the place of dreams. Creativity is intelligence having fun. HTTP Tunneling is a method for connecting to a server that uses the same protocol (http://) and the same port (port 80) as a web server does. Export Wizard allows you to export data from tables, collections, views, or query results to any available formats. I destroy my enemies when I make them my friends. If you wait, all that happens is you get older. I will greet this day with love in my heart. If it scares you, it might be a good thing to try. Navicat Monitor can be installed on any local computer or virtual machine and does not require any software installation on the servers being monitored. The reason why a great man is great is that he resolves to be a great man. The Main Window consists of several toolbars and panes for you to work on connections, database objects and advanced tools. Navicat Monitor is a safe, simple and agentless remote server monitoring tool that is packed with powerful features to make your monitoring effective as possible. Navicat Data Modeler enables you to build high-quality conceptual, logical and physical data models for a wide variety of audiences. You must be the change you wish to see in the world. Actually it is just in an idea when feel oneself can achieve and cannot achieve. The Navigation pane employs tree structure which allows you to take action upon the database and their objects through their pop-up menus quickly and easily. Anyone who has ever made anything of importance was disciplined. You will succeed because most people are lazy. To connect to a database or schema, simply double-click it in the pane. Instead of wondering when your next vacation is, maybe you should set up a life you don’t need to escape from. To get a secure connection, the first thing you need to do is to install OpenSSL Library and download Database Source. Navicat provides a wide range advanced features, such as compelling code editing capabilities, smart code-completion, SQL formatting, and more. I will greet this day with love in my heart. SSH serves to prevent such vulnerabilities and allows you to access a remote server\'s shell without compromising security. Navicat provides powerful tools for working with queries: Query Editor for editing the query text directly, and Query Builder, Find Builder or Aggregate Builder for building queries visually. I may not have gone where I intended to go, but I think I have ended up where I needed to be. SSH serves to prevent such vulnerabilities and allows you to access a remote server\'s shell without compromising security. Navicat provides a wide range advanced features, such as compelling code editing capabilities, smart code-completion, SQL formatting, and more. A comfort zone is a beautiful place, but nothing ever grows there. Navicat 15 has added support for the system-wide dark mode. Navicat 15 has added support for the system-wide dark mode. There is no way to happiness. Happiness is the way. I will greet this day with love in my heart. Navicat Monitor is a safe, simple and agentless remote server monitoring tool that is packed with powerful features to make your monitoring effective as possible. Navicat Monitor requires a repository to store alerts and metrics for historical analysis. If you wait, all that happens is you get older. What you get by achieving your goals is not as important as what you become by achieving your goals. With its well-designed Graphical User Interface(GUI), Navicat lets you quickly and easily create, organize, access and share information in a secure and easy way. Navicat allows you to transfer data from one database and/or schema to another with detailed analytical process. You cannot save people, you can just love them. The reason why a great man is great is that he resolves to be a great man. In other words, Navicat provides the ability for data in different databases and/or schemas to be kept up-to-date so that each repository contains the same information.', NULL, '', '', 808, 28, 693, 246, 995);
INSERT INTO `hy_user_comments` VALUES (15, 541, 1, 554, 'Navicat Monitor requires a repository to store alerts and metrics for historical analysis. The past has no power over the present moment. Navicat provides powerful tools for working with queries: Query Editor for editing the query text directly, and Query Builder, Find Builder or Aggregate Builder for building queries visually. Navicat Monitor can be installed on any local computer or virtual machine and does not require any software installation on the servers being monitored. A comfort zone is a beautiful place, but nothing ever grows there. Typically, it is employed as an encrypted version of Telnet. To successfully establish a new connection to local/remote server - no matter via SSL, SSH or HTTP, set the database login information in the General tab. To get a secure connection, the first thing you need to do is to install OpenSSL Library and download Database Source. Secure SHell (SSH) is a program to log in into another computer over a network, execute commands on a remote server, and move files from one machine to another. SQL Editor allows you to create and edit SQL text, prepare and execute selected queries. Navicat allows you to transfer data from one database and/or schema to another with detailed analytical process. The repository database can be an existing MySQL, MariaDB, PostgreSQL, SQL Server, or Amazon RDS instance. I may not have gone where I intended to go, but I think I have ended up where I needed to be. If the plan doesn’t work, change the plan, but never the goal. Navicat 15 has added support for the system-wide dark mode. Export Wizard allows you to export data from tables, collections, views, or query results to any available formats. Navicat provides powerful tools for working with queries: Query Editor for editing the query text directly, and Query Builder, Find Builder or Aggregate Builder for building queries visually. If you wait, all that happens is you get older. Creativity is intelligence having fun. If opportunity doesn’t knock, build a door. Navicat Data Modeler is a powerful and cost-effective database design tool which helps you build high-quality conceptual, logical and physical data models. The Synchronize to Database function will give you a full picture of all database differences. Instead of wondering when your next vacation is, maybe you should set up a life you don’t need to escape from.', NULL, '', '', 496, 49, 710, 825, 83);
INSERT INTO `hy_user_comments` VALUES (16, 787, 1, 465, 'A comfort zone is a beautiful place, but nothing ever grows there. The past has no power over the present moment. Champions keep playing until they get it right. Navicat Monitor can be installed on any local computer or virtual machine and does not require any software installation on the servers being monitored. Anyone who has ever made anything of importance was disciplined.', NULL, '', '', 677, 98, 429, 309, 59);
INSERT INTO `hy_user_comments` VALUES (17, 878, 2, 434, 'A man is not old until regrets take the place of dreams. SSH serves to prevent such vulnerabilities and allows you to access a remote server\'s shell without compromising security. Genius is an infinite capacity for taking pains. To successfully establish a new connection to local/remote server - no matter via SSL, SSH or HTTP, set the database login information in the General tab. In a Telnet session, all communications, including username and password, are transmitted in plain-text, allowing anyone to listen-in on your session and steal passwords and other information. Navicat provides powerful tools for working with queries: Query Editor for editing the query text directly, and Query Builder, Find Builder or Aggregate Builder for building queries visually. If your Internet Service Provider (ISP) does not provide direct access to its server, Secure Tunneling Protocol (SSH) / HTTP is another solution. Difficult circumstances serve as a textbook of life for people. Success consists of going from failure to failure without loss of enthusiasm. Navicat Cloud provides a cloud service for synchronizing connections, queries, model files and virtual group information from Navicat, other Navicat family members, different machines and different platforms. Navicat Data Modeler is a powerful and cost-effective database design tool which helps you build high-quality conceptual, logical and physical data models. If your Internet Service Provider (ISP) does not provide direct access to its server, Secure Tunneling Protocol (SSH) / HTTP is another solution. You cannot save people, you can just love them. Anyone who has never made a mistake has never tried anything new. Genius is an infinite capacity for taking pains. If opportunity doesn’t knock, build a door. Navicat Data Modeler enables you to build high-quality conceptual, logical and physical data models for a wide variety of audiences. Success consists of going from failure to failure without loss of enthusiasm. Secure SHell (SSH) is a program to log in into another computer over a network, execute commands on a remote server, and move files from one machine to another. Success consists of going from failure to failure without loss of enthusiasm. To successfully establish a new connection to local/remote server - no matter via SSL or SSH, set the database login information in the General tab. To successfully establish a new connection to local/remote server - no matter via SSL, SSH or HTTP, set the database login information in the General tab. To start working with your server in Navicat, you should first establish a connection or several connections using the Connection window. In other words, Navicat provides the ability for data in different databases and/or schemas to be kept up-to-date so that each repository contains the same information. A man’s best friends are his ten fingers. I may not have gone where I intended to go, but I think I have ended up where I needed to be. SSH serves to prevent such vulnerabilities and allows you to access a remote server\'s shell without compromising security. It wasn’t raining when Noah built the ark. Navicat provides a wide range advanced features, such as compelling code editing capabilities, smart code-completion, SQL formatting, and more. The Synchronize to Database function will give you a full picture of all database differences. Success consists of going from failure to failure without loss of enthusiasm. Navicat Monitor requires a repository to store alerts and metrics for historical analysis. The Information Pane shows the detailed object information, project activities, the DDL of database objects, object dependencies, membership of users/roles and preview. Creativity is intelligence having fun. Difficult circumstances serve as a textbook of life for people. Navicat allows you to transfer data from one database and/or schema to another with detailed analytical process. Navicat Monitor requires a repository to store alerts and metrics for historical analysis. It can also manage cloud databases such as Amazon Redshift, Amazon RDS, Alibaba Cloud. Features in Navicat are sophisticated enough to provide professional developers for all their specific needs, yet easy to learn for users who are new to database server. Anyone who has never made a mistake has never tried anything new. The Main Window consists of several toolbars and panes for you to work on connections, database objects and advanced tools. The Main Window consists of several toolbars and panes for you to work on connections, database objects and advanced tools. Navicat Monitor requires a repository to store alerts and metrics for historical analysis. There is no way to happiness. Happiness is the way. All the Navicat Cloud objects are located under different projects. You can share the project to other Navicat Cloud accounts for collaboration. Success consists of going from failure to failure without loss of enthusiasm. In other words, Navicat provides the ability for data in different databases and/or schemas to be kept up-to-date so that each repository contains the same information. A comfort zone is a beautiful place, but nothing ever grows there. Anyone who has ever made anything of importance was disciplined. Champions keep playing until they get it right. Navicat Cloud provides a cloud service for synchronizing connections, queries, model files and virtual group information from Navicat, other Navicat family members, different machines and different platforms. SSH serves to prevent such vulnerabilities and allows you to access a remote server\'s shell without compromising security. Import Wizard allows you to import data to tables/collections from CSV, TXT, XML, DBF and more. Navicat Monitor requires a repository to store alerts and metrics for historical analysis. You must be the change you wish to see in the world. Secure SHell (SSH) is a program to log in into another computer over a network, execute commands on a remote server, and move files from one machine to another. I destroy my enemies when I make them my friends. Difficult circumstances serve as a textbook of life for people. To connect to a database or schema, simply double-click it in the pane. Import Wizard allows you to import data to tables/collections from CSV, TXT, XML, DBF and more. Difficult circumstances serve as a textbook of life for people. The repository database can be an existing MySQL, MariaDB, PostgreSQL, SQL Server, or Amazon RDS instance. Secure Sockets Layer(SSL) is a protocol for transmitting private documents via the Internet. After logged in the Navicat Cloud feature, the Navigation pane will be divided into Navicat Cloud and My Connections sections. Flexible settings enable you to set up a custom key for comparison and synchronization. The Navigation pane employs tree structure which allows you to take action upon the database and their objects through their pop-up menus quickly and easily. If your Internet Service Provider (ISP) does not provide direct access to its server, Secure Tunneling Protocol (SSH) / HTTP is another solution. HTTP Tunneling is a method for connecting to a server that uses the same protocol (http://) and the same port (port 80) as a web server does. What you get by achieving your goals is not as important as what you become by achieving your goals. Sometimes you win, sometimes you learn. To successfully establish a new connection to local/remote server - no matter via SSL, SSH or HTTP, set the database login information in the General tab. Success consists of going from failure to failure without loss of enthusiasm. To successfully establish a new connection to local/remote server - no matter via SSL or SSH, set the database login information in the General tab. Navicat provides a wide range advanced features, such as compelling code editing capabilities, smart code-completion, SQL formatting, and more. To successfully establish a new connection to local/remote server - no matter via SSL or SSH, set the database login information in the General tab. Actually it is just in an idea when feel oneself can achieve and cannot achieve. In a Telnet session, all communications, including username and password, are transmitted in plain-text, allowing anyone to listen-in on your session and steal passwords and other information. Difficult circumstances serve as a textbook of life for people. SQL Editor allows you to create and edit SQL text, prepare and execute selected queries. Navicat is a multi-connections Database Administration tool allowing you to connect to MySQL, Oracle, PostgreSQL, SQLite, SQL Server, MariaDB and/or MongoDB databases, making database administration to multiple kinds of database so easy. Secure Sockets Layer(SSL) is a protocol for transmitting private documents via the Internet. I will greet this day with love in my heart. How we spend our days is, of course, how we spend our lives. To get a secure connection, the first thing you need to do is to install OpenSSL Library and download Database Source. A query is used to extract data from the database in a readable format according to the user\'s request. You will succeed because most people are lazy. It is used while your ISPs do not allow direct connections, but allows establishing HTTP connections. A query is used to extract data from the database in a readable format according to the user\'s request. Navicat Monitor is a safe, simple and agentless remote server monitoring tool that is packed with powerful features to make your monitoring effective as possible. The repository database can be an existing MySQL, MariaDB, PostgreSQL, SQL Server, or Amazon RDS instance. After comparing data, the window shows the number of records that will be inserted, updated or deleted in the target. Secure Sockets Layer(SSL) is a protocol for transmitting private documents via the Internet. I destroy my enemies when I make them my friends. A comfort zone is a beautiful place, but                   ', NULL, '', '', 581, 7, 253, 82, 245);
INSERT INTO `hy_user_comments` VALUES (18, 996, 2, 939, 'Navicat authorizes you to make connection to remote servers running on different platforms (i.e. Windows, macOS, Linux and UNIX), and supports PAM and GSSAPI authentication. Navicat provides powerful tools for working with queries: Query Editor for editing the query text directly, and Query Builder, Find Builder or Aggregate Builder for building queries visually. You must be the change you wish to see in the world. In other words, Navicat provides the ability for data in different databases and/or schemas to be kept up-to-date so that each repository contains the same information. If opportunity doesn’t knock, build a door. The first step is as good as half over. Genius is an infinite capacity for taking pains. Navicat provides powerful tools for working with queries: Query Editor for editing the query text directly, and Query Builder, Find Builder or Aggregate Builder for building queries visually. To clear or reload various internal caches, flush tables, or acquire locks, control-click your connection in the Navigation pane and select Flush and choose the flush option. You must have the reload privilege to use this feature. Navicat Monitor requires a repository to store alerts and metrics for historical analysis. If you wait, all that happens is you get older. With its well-designed Graphical User Interface(GUI), Navicat lets you quickly and easily create, organize, access and share information in a secure and easy way. Navicat Monitor can be installed on any local computer or virtual machine and does not require any software installation on the servers being monitored. Champions keep playing until they get it right. Remember that failure is an event, not a person. Champions keep playing until they get it right. It wasn’t raining when Noah built the ark. Import Wizard allows you to import data to tables/collections from CSV, TXT, XML, DBF and more. Monitored servers include MySQL, MariaDB and SQL Server, and compatible with cloud databases like Amazon RDS, Amazon Aurora, Oracle Cloud, Google Cloud and Microsoft Azure. If the Show objects under schema in navigation pane option is checked at the Preferences window, all database objects are also displayed in the pane. You can select any connections, objects or projects, and then select the corresponding buttons on the Information Pane. You cannot save people, you can just love them. It is used while your ISPs do not allow direct connections, but allows establishing HTTP connections. If you wait, all that happens is you get older. Navicat Monitor is a safe, simple and agentless remote server monitoring tool that is packed with powerful features to make your monitoring effective as possible. In a Telnet session, all communications, including username and password, are transmitted in plain-text, allowing anyone to listen-in on your session and steal passwords and other information. SQL Editor allows you to create and edit SQL text, prepare and execute selected queries. All journeys have secret destinations of which the traveler is unaware. To start working with your server in Navicat, you should first establish a connection or several connections using the Connection window. I may not have gone where I intended to go, but I think I have ended up where I needed to be. HTTP Tunneling is a method for connecting to a server that uses the same protocol (http://) and the same port (port 80) as a web server does. A query is used to extract data from the database in a readable format according to the user\'s request. Anyone who has never made a mistake has never tried anything new. The past has no power over the present moment. If opportunity doesn’t knock, build a door. To open a query using an external editor, control-click it and select Open with External Editor. You can set the file path of an external editor in Preferences. Typically, it is employed as an encrypted version of Telnet. Navicat Cloud provides a cloud service for synchronizing connections, queries, model files and virtual group information from Navicat, other Navicat family members, different machines and different platforms. Navicat Monitor can be installed on any local computer or virtual machine and does not require any software installation on the servers being monitored. Creativity is intelligence having fun. There is no way to happiness. Happiness is the way. Navicat Monitor can be installed on any local computer or virtual machine and does not require any software installation on the servers being monitored. After comparing data, the window shows the number of records that will be inserted, updated or deleted in the target. Navicat Cloud provides a cloud service for synchronizing connections, queries, model files and virtual group information from Navicat, other Navicat family members, different machines and different platforms. All the Navicat Cloud objects are located under different projects. You can share the project to other Navicat Cloud accounts for collaboration. The Main Window consists of several toolbars and panes for you to work on connections, database objects and advanced tools. It provides strong authentication and secure encrypted communications between two hosts, known as SSH Port Forwarding (Tunneling), over an insecure network. Navicat allows you to transfer data from one database and/or schema to another with detailed analytical process. Sometimes you win, sometimes you learn. It collects process metrics such as CPU load, RAM usage, and a variety of other resources over SSH/SNMP. Optimism is the one quality more associated with success and happiness than any other. SSH serves to prevent such vulnerabilities and allows you to access a remote server\'s shell without compromising security. After logged in the Navicat Cloud feature, the Navigation pane will be divided into Navicat Cloud and My Connections sections. To successfully establish a new connection to local/remote server - no matter via SSL or SSH, set the database login information in the General tab. With its well-designed Graphical User Interface(GUI), Navicat lets you quickly and easily create, organize, access and share information in a secure and easy way. The repository database can be an existing MySQL, MariaDB, PostgreSQL, SQL Server, or Amazon RDS instance. Navicat Data Modeler enables you to build high-quality conceptual, logical and physical data models for a wide variety of audiences. It can also manage cloud databases such as Amazon Redshift, Amazon RDS, Alibaba Cloud. Features in Navicat are sophisticated enough to provide professional developers for all their specific needs, yet easy to learn for users who are new to database server. A man’s best friends are his ten fingers. To clear or reload various internal caches, flush tables, or acquire locks, control-click your connection in the Navigation pane and select Flush and choose the flush option. You must have the reload privilege to use this feature. The Synchronize to Database function will give you a full picture of all database differences. To connect to a database or schema, simply double-click it in the pane. After comparing data, the window shows the number of records that will be inserted, updated or deleted in the target. To connect to a database or schema, simply double-click it in the pane. The Information Pane shows the detailed object information, project activities, the DDL of database objects, object dependencies, membership of users/roles and preview.', NULL, '', '', 721, 57, 764, 151, 270);
INSERT INTO `hy_user_comments` VALUES (19, 49, 554, 869, 'Navicat is a multi-connections Database Administration tool allowing you to connect to MySQL, Oracle, PostgreSQL, SQLite, SQL Server, MariaDB and/or MongoDB databases, making database administration to multiple kinds of database so easy. Actually it is just in an idea when feel oneself can achieve and cannot achieve. If the Show objects under schema in navigation pane option is checked at the Preferences window, all database objects are also displayed in the pane. To get a secure connection, the first thing you need to do is to install OpenSSL Library and download Database Source. Always keep your eyes open. Keep watching. Because whatever you see can inspire you. If the plan doesn’t work, change the plan, but never the goal. Navicat provides a wide range advanced features, such as compelling code editing capabilities, smart code-completion, SQL formatting, and more. You can select any connections, objects or projects, and then select the corresponding buttons on the Information Pane. It is used while your ISPs do not allow direct connections, but allows establishing HTTP connections. If it scares you, it might be a good thing to try. If you wait, all that happens is you get older. I destroy my enemies when I make them my friends. It is used while your ISPs do not allow direct connections, but allows establishing HTTP connections. If it scares you, it might be a good thing to try. Navicat is a multi-connections Database Administration tool allowing you to connect to MySQL, Oracle, PostgreSQL, SQLite, SQL Server, MariaDB and/or MongoDB databases, making database administration to multiple kinds of database so easy. There is no way to happiness. Happiness is the way. You can select any connections, objects or projects, and then select the corresponding buttons on the Information Pane. If your Internet Service Provider (ISP) does not provide direct access to its server, Secure Tunneling Protocol (SSH) / HTTP is another solution. SSH serves to prevent such vulnerabilities and allows you to access a remote server\'s shell without compromising security. In other words, Navicat provides the ability for data in different databases and/or schemas to be kept up-to-date so that each repository contains the same information. To successfully establish a new connection to local/remote server - no matter via SSL or SSH, set the database login information in the General tab. Anyone who has ever made anything of importance was disciplined. The first step is as good as half over. Navicat Data Modeler enables you to build high-quality conceptual, logical and physical data models for a wide variety of audiences. Navicat allows you to transfer data from one database and/or schema to another with detailed analytical process. To connect to a database or schema, simply double-click it in the pane. Navicat provides powerful tools for working with queries: Query Editor for editing the query text directly, and Query Builder, Find Builder or Aggregate Builder for building queries visually. To clear or reload various internal caches, flush tables, or acquire locks, control-click your connection in the Navigation pane and select Flush and choose the flush option. You must have the reload privilege to use this feature. Instead of wondering when your next vacation is, maybe you should set up a life you don’t need to escape from. In the Objects tab, you can use the List List, Detail Detail and ER Diagram ER Diagram buttons to change the object view. Instead of wondering when your next vacation is, maybe you should set up a life you don’t need to escape from. How we spend our days is, of course, how we spend our lives. SQL Editor allows you to create and edit SQL text, prepare and execute selected queries. To open a query using an external editor, control-click it and select Open with External Editor. You can set the file path of an external editor in Preferences. The repository database can be an existing MySQL, MariaDB, PostgreSQL, SQL Server, or Amazon RDS instance. What you get by achieving your goals is not as important as what you become by achieving your goals. To open a query using an external editor, control-click it and select Open with External Editor. You can set the file path of an external editor in Preferences. All the Navicat Cloud objects are located under different projects. You can share the project to other Navicat Cloud accounts for collaboration. Anyone who has ever made anything of importance was disciplined. To get a secure connection, the first thing you need to do is to install OpenSSL Library and download Database Source. Actually it is just in an idea when feel oneself can achieve and cannot achieve. Import Wizard allows you to import data to tables/collections from CSV, TXT, XML, DBF and more. The past has no power over the present moment. Instead of wondering when your next vacation is, maybe you should set up a life you don’t need to escape from. In a Telnet session, all communications, including username and password, are transmitted in plain-text, allowing anyone to listen-in on your session and steal passwords and other information. If your Internet Service Provider (ISP) does not provide direct access to its server, Secure Tunneling Protocol (SSH) / HTTP is another solution. The first step is as good as half over. Navicat authorizes you to make connection to remote servers running on different platforms (i.e. Windows, macOS, Linux and UNIX), and supports PAM and GSSAPI authentication. Import Wizard allows you to import data to tables/collections from CSV, TXT, XML, DBF and more. In the Objects tab, you can use the List List, Detail Detail and ER Diagram ER Diagram buttons to change the object view. The reason why a great man is great is that he resolves to be a great man. Navicat Data Modeler enables you to build high-quality conceptual, logical and physical data models for a wide variety of audiences. Anyone who has ever made anything of importance was disciplined. If you wait, all that happens is you get older. To clear or reload various internal caches, flush tables, or acquire locks, control-click your connection in the Navigation pane and select Flush and choose the flush option. You must have the reload privilege to use this feature. A man’s best friends are his ten fingers. Optimism is the one quality more associated with success and happiness than any other. I will greet this day with love in my heart. You must be the change you wish to see in the world. A comfort zone is a beautiful place, but nothing ever grows there. Navicat authorizes you to make connection to remote servers running on different platforms (i.e. Windows, macOS, Linux and UNIX), and supports PAM and GSSAPI authentication. In a Telnet session, all communications, including username and password, are transmitted in plain-text, allowing anyone to listen-in on your session and steal passwords and other information. Instead of wondering when your next vacation is, maybe you should set up a life you don’t need to escape from. In the Objects tab, you can use the List List, Detail Detail and ER Diagram ER Diagram buttons to change the object view. If you wait, all that happens is you get older. How we spend our days is, of course, how we spend our lives. Always keep your eyes open. Keep watching. Because whatever you see can inspire you. Navicat provides a wide range advanced features, such as compelling code editing capabilities, smart code-completion, SQL formatting, and more. Navicat provides a wide range advanced features, such as compelling code editing capabilities, smart code-completion, SQL formatting, and more. Genius is an infinite capacity for taking pains. Champions keep playing until they get it right. In the middle of winter I at last discovered that there was in me an invincible summer. Secure Sockets Layer(SSL) is a protocol for transmitting private documents via the Internet. Navicat Monitor can be installed on any local computer or virtual machine and does not require any software installation on the servers being monitored. Optimism is the one quality more associated with success and happiness than any other. I will greet this day with love in my heart. With its well-designed Graphical User Interface(GUI), Navicat lets you quickly and easily create, organize, access and share information in a secure and easy way. The past has no power over the present moment. Navicat authorizes you to make connection to remote servers running on different platforms (i.e. Windows, macOS, Linux and UNIX), and supports PAM and GSSAPI authentication. If opportunity doesn’t knock, build a door. Anyone who has never made a mistake has never tried anything new. SSH serves to prevent such vulnerabilities and allows you to access a remote server\'s shell without compromising security. To connect to a database or schema, simply double-click it in the pane. To clear or reload various internal caches, flush tables, or acquire locks, control-click your connection in the Navigation pane and select Flush and choose the flush option. You must have the reload privilege to use this feature. To connect to a database or schema, simply double-click it in the pane.', NULL, '', '', 208, 114, 401, 414, 768);
INSERT INTO `hy_user_comments` VALUES (20, 799, 573, 385, 'Navicat provides powerful tools for working with queries: Query Editor for editing the query text directly, and Query Builder, Find Builder or Aggregate Builder for building queries visually. Anyone who has never made a mistake has never tried anything new. Navicat Cloud could not connect and access your databases. By which it means, it could only store your connection settings, queries, model files, and virtual group; your database passwords and data (e.g. tables, views, etc) will not be stored to Navicat Cloud. After logged in the Navicat Cloud feature, the Navigation pane will be divided into Navicat Cloud and My Connections sections. Navicat Data Modeler is a powerful and cost-effective database design tool which helps you build high-quality conceptual, logical and physical data models. HTTP Tunneling is a method for connecting to a server that uses the same protocol (http://) and the same port (port 80) as a web server does. To start working with your server in Navicat, you should first establish a connection or several connections using the Connection window. The Main Window consists of several toolbars and panes for you to work on connections, database objects and advanced tools. To successfully establish a new connection to local/remote server - no matter via SSL, SSH or HTTP, set the database login information in the General tab. A man is not old until regrets take the place of dreams. Anyone who has ever made anything of importance was disciplined. You cannot save people, you can just love them. The repository database can be an existing MySQL, MariaDB, PostgreSQL, SQL Server, or Amazon RDS instance. In the middle of winter I at last discovered that there was in me an invincible summer. Navicat Cloud provides a cloud service for synchronizing connections, queries, model files and virtual group information from Navicat, other Navicat family members, different machines and different platforms. To get a secure connection, the first thing you need to do is to install OpenSSL Library and download Database Source. I will greet this day with love in my heart. Typically, it is employed as an encrypted version of Telnet. Always keep your eyes open. Keep watching. Because whatever you see can inspire you. Navicat Monitor is a safe, simple and agentless remote server monitoring tool that is packed with powerful features to make your monitoring effective as possible.', NULL, '', '', 818, 109, 589, 319, 596);
INSERT INTO `hy_user_comments` VALUES (21, 916, 706, 24, 'After logged in the Navicat Cloud feature, the Navigation pane will be divided into Navicat Cloud and My Connections sections. Sometimes you win, sometimes you learn. A comfort zone is a beautiful place, but nothing ever grows there. Always keep your eyes open. Keep watching. Because whatever you see can inspire you. Champions keep playing until they get it right. It can also manage cloud databases such as Amazon Redshift, Amazon RDS, Alibaba Cloud. Features in Navicat are sophisticated enough to provide professional developers for all their specific needs, yet easy to learn for users who are new to database server. Navicat Cloud provides a cloud service for synchronizing connections, queries, model files and virtual group information from Navicat, other Navicat family members, different machines and different platforms. Navicat Data Modeler enables you to build high-quality conceptual, logical and physical data models for a wide variety of audiences. You will succeed because most people are lazy. Secure Sockets Layer(SSL) is a protocol for transmitting private documents via the Internet. How we spend our days is, of course, how we spend our lives. The reason why a great man is great is that he resolves to be a great man. The past has no power over the present moment. Secure Sockets Layer(SSL) is a protocol for transmitting private documents via the Internet. What you get by achieving your goals is not as important as what you become by achieving your goals. Navicat Cloud provides a cloud service for synchronizing connections, queries, model files and virtual group information from Navicat, other Navicat family members, different machines and different platforms. To open a query using an external editor, control-click it and select Open with External Editor. You can set the file path of an external editor in Preferences. It collects process metrics such as CPU load, RAM usage, and a variety of other resources over SSH/SNMP. To start working with your server in Navicat, you should first establish a connection or several connections using the Connection window. Remember that failure is an event, not a person. All journeys have secret destinations of which the traveler is unaware. Navicat Monitor is a safe, simple and agentless remote server monitoring tool that is packed with powerful features to make your monitoring effective as possible. You cannot save people, you can just love them. Anyone who has never made a mistake has never tried anything new. If the plan doesn’t work, change the plan, but never the goal. Secure Sockets Layer(SSL) is a protocol for transmitting private documents via the Internet. Instead of wondering when your next vacation is, maybe you should set up a life you don’t need to escape from. Actually it is just in an idea when feel oneself can achieve and cannot achieve. All the Navicat Cloud objects are located under different projects. You can share the project to other Navicat Cloud accounts for collaboration. After logged in the Navicat Cloud feature, the Navigation pane will be divided into Navicat Cloud and My Connections sections. Navicat Data Modeler enables you to build high-quality conceptual, logical and physical data models for a wide variety of audiences. I will greet this day with love in my heart. If the Show objects under schema in navigation pane option is checked at the Preferences window, all database objects are also displayed in the pane. Secure SHell (SSH) is a program to log in into another computer over a network, execute commands on a remote server, and move files from one machine to another. It collects process metrics such as CPU load, RAM usage, and a variety of other resources over SSH/SNMP. Navicat provides a wide range advanced features, such as compelling code editing capabilities, smart code-completion, SQL formatting, and more. To successfully establish a new connection to local/remote server - no matter via SSL or SSH, set the database login information in the General tab. If your Internet Service Provider (ISP) does not provide direct access to its server, Secure Tunneling Protocol (SSH) / HTTP is another solution. To open a query using an external editor, control-click it and select Open with External Editor. You can set the file path of an external editor in Preferences. SSH serves to prevent such vulnerabilities and allows you to access a remote server\'s shell without compromising security. Secure Sockets Layer(SSL) is a protocol for transmitting private documents via the Internet. The Main Window consists of several toolbars and panes for you to work on connections, database objects and advanced tools. Navicat provides powerful tools for working with queries: Query Editor for editing the query text directly, and Query Builder, Find Builder or Aggregate Builder for building queries visually. A query is used to extract data from the database in a readable format according to the user\'s request. Champions keep playing until they get it right. With its well-designed Graphical User Interface(GUI), Navicat lets you quickly and easily create, organize, access and share information in a secure and easy way. Navicat allows you to transfer data from one database and/or schema to another with detailed analytical process. Always keep your eyes open. Keep watching. Because whatever you see can inspire you. It can also manage cloud databases such as Amazon Redshift, Amazon RDS, Alibaba Cloud. Features in Navicat are sophisticated enough to provide professional developers for all their specific needs, yet easy to learn for users who are new to database server. If opportunity doesn’t knock, build a door. Secure SHell (SSH) is a program to log in into another computer over a network, execute commands on a remote server, and move files from one machine to another. A comfort zone is a beautiful place, but nothing ever grows there. After logged in the Navicat Cloud feature, the Navigation pane will be divided into Navicat Cloud and My Connections sections. Genius is an infinite capacity for taking pains.', NULL, '', '', 342, 90, 910, 649, 631);
INSERT INTO `hy_user_comments` VALUES (22, 710, 569, 798, 'To start working with your server in Navicat, you should first establish a connection or several connections using the Connection window. Success consists of going from failure to failure without loss of enthusiasm. I may not have gone where I intended to go, but I think I have ended up where I needed to be. Navicat Monitor requires a repository to store alerts and metrics for historical analysis. A man’s best friends are his ten fingers. Actually it is just in an idea when feel oneself can achieve and cannot achieve. Secure Sockets Layer(SSL) is a protocol for transmitting private documents via the Internet. I will greet this day with love in my heart. The repository database can be an existing MySQL, MariaDB, PostgreSQL, SQL Server, or Amazon RDS instance. In other words, Navicat provides the ability for data in different databases and/or schemas to be kept up-to-date so that each repository contains the same information. Navicat 15 has added support for the system-wide dark mode. SQL Editor allows you to create and edit SQL text, prepare and execute selected queries. In the middle of winter I at last discovered that there was in me an invincible summer. Navicat provides a wide range advanced features, such as compelling code editing capabilities, smart code-completion, SQL formatting, and more. Sometimes you win, sometimes you learn. Navicat provides a wide range advanced features, such as compelling code editing capabilities, smart code-completion, SQL formatting, and more. You cannot save people, you can just love them. Flexible settings enable you to set up a custom key for comparison and synchronization. SQL Editor allows you to create and edit SQL text, prepare and execute selected queries. Navicat Cloud provides a cloud service for synchronizing connections, queries, model files and virtual group information from Navicat, other Navicat family members, different machines and different platforms. The reason why a great man is great is that he resolves to be a great man. Remember that failure is an event, not a person. Navicat is a multi-connections Database Administration tool allowing you to connect to MySQL, Oracle, PostgreSQL, SQLite, SQL Server, MariaDB and/or MongoDB databases, making database administration to multiple kinds of database so easy. Navicat 15 has added support for the system-wide dark mode. Navicat allows you to transfer data from one database and/or schema to another with detailed analytical process. Remember that failure is an event, not a person. Import Wizard allows you to import data to tables/collections from CSV, TXT, XML, DBF and more. A man is not old until regrets take the place of dreams. Navicat provides a wide range advanced features, such as compelling code editing capabilities, smart code-completion, SQL formatting, and more. Monitored servers include MySQL, MariaDB and SQL Server, and compatible with cloud databases like Amazon RDS, Amazon Aurora, Oracle Cloud, Google Cloud and Microsoft Azure. Navicat Cloud could not connect and access your databases. By which it means, it could only store your connection settings, queries, model files, and virtual group; your database passwords and data (e.g. tables, views, etc) will not be stored to Navicat Cloud. To start working with your server in Navicat, you should first establish a connection or several connections using the Connection window. Creativity is intelligence having fun. To open a query using an external editor, control-click it and select Open with External Editor. You can set the file path of an external editor in Preferences. You will succeed because most people are lazy. HTTP Tunneling is a method for connecting to a server that uses the same protocol (http://) and the same port (port 80) as a web server does. Secure Sockets Layer(SSL) is a protocol for transmitting private documents via the Internet. You can select any connections, objects or projects, and then select the corresponding buttons on the Information Pane. The reason why a great man is great is that he resolves to be a great man. It collects process metrics such as CPU load, RAM usage, and a variety of other resources over SSH/SNMP. I may not have gone where I intended to go, but I think I have ended up where I needed to be. Navicat Cloud provides a cloud service for synchronizing connections, queries, model files and virtual group information from Navicat, other Navicat family members, different machines and different platforms. If the plan doesn’t work, change the plan, but never the goal. To successfully establish a new connection to local/remote server - no matter via SSL, SSH or HTTP, set the database login information in the General tab. Navicat Data Modeler is a powerful and cost-effective database design tool which helps you build high-quality conceptual, logical and physical data models. It can also manage cloud databases such as Amazon Redshift, Amazon RDS, Alibaba Cloud. Features in Navicat are sophisticated enough to provide professional developers for all their specific needs, yet easy to learn for users who are new to database server. A comfort zone is a beautiful place, but nothing ever grows there. All journeys have secret destinations of which the traveler is unaware. Navicat Cloud provides a cloud service for synchronizing connections, queries, model files and virtual group information from Navicat, other Navicat family members, different machines and different platforms. The past has no power over the present moment. Creativity is intelligence having fun. Flexible settings enable you to set up a custom key for comparison and synchronization. What you get by achieving your goals is not as important as what you become by achieving your goals. Import Wizard allows you to import data to tables/collections from CSV, TXT, XML, DBF and more. It can also manage cloud databases such as Amazon Redshift, Amazon RDS, Alibaba Cloud. Features in Navicat are sophisticated enough to provide professional developers for all their specific needs, yet easy to learn for users who are new to database server. Navicat allows you to transfer data from one database and/or schema to another with detailed analytical process. Secure Sockets Layer(SSL) is a protocol for transmitting private documents via the Internet. Creativity is intelligence having fun. If opportunity doesn’t knock, build a door. Navicat Cloud provides a cloud service for synchronizing connections, queries, model files and virtual group information from Navicat, other Navicat family members, different machines and different platforms. Optimism is the one quality more associated with success and happiness than any other. Import Wizard allows you to import data to tables/collections from CSV, TXT, XML, DBF and more. In other words, Navicat provides the ability for data in different databases and/or schemas to be kept up-to-date so that each repository contains the same information. Navicat Monitor is a safe, simple and agentless remote server monitoring tool that is packed with powerful features to make your monitoring effective as possible. It can also manage cloud databases such as Amazon Redshift, Amazon RDS, Alibaba Cloud. Features in Navicat are sophisticated enough to provide professional developers for all their specific needs, yet easy to learn for users who are new to database server. You cannot save people, you can just love them. Difficult circumstances serve as a textbook of life for people. Success consists of going from failure to failure without loss of enthusiasm. Navicat Cloud provides a cloud service for synchronizing connections, queries, model files and virtual group information from Navicat, other Navicat family members, different machines and different platforms. Actually it is just in an idea when feel oneself can achieve and cannot achieve. Navicat Data Modeler is a powerful and cost-effective database design tool which helps you build high-quality conceptual, logical and physical data models. Difficult circumstances serve as a textbook of life for people. A query is used to extract data from the database in a readable format according to the user\'s request. Remember that failure is an event, not a person. It provides strong authentication and secure encrypted communications between two hosts, known as SSH Port Forwarding (Tunneling), over an insecure network. To clear or reload various internal caches, flush tables, or acquire locks, control-click your connection in the Navigation pane and select Flush and choose the flush option. You must have the reload privilege to use this feature. The Navigation pane employs tree structure which allows you to take action upon the database and their objects through their pop-up menus quickly and easily. To get a secure connection, the first thing you need to do is to install OpenSSL Library and download Database Source. Secure SHell (SSH) is a program to log in into another computer over a network, execute commands on a remote server, and move files from one machine to another. Secure SHell (SSH) is a program to log in into another computer over a network, execute commands on a remote server, and move files from one machine to another. You can select any connections, objects or projects, and then select the corresponding buttons on the Information Pane. The Synchronize to Database function will give you a full picture of all database differences. You can select any connections, objects or projects, and then select the corresponding buttons on the Information Pane. Sometimes you win, sometimes you learn.', NULL, '', '', 322, 51, 609, 367, 107);
INSERT INTO `hy_user_comments` VALUES (23, 682, 182, 420, 'A man’s best friends are his ten fingers. To clear or reload various internal caches, flush tables, or acquire locks, control-click your connection in the Navigation pane and select Flush and choose the flush option. You must have the reload privilege to use this feature. It is used while your ISPs do not allow direct connections, but allows establishing HTTP connections. Secure Sockets Layer(SSL) is a protocol for transmitting private documents via the Internet. Instead of wondering when your next vacation is, maybe you should set up a life you don’t need to escape from. In the Objects tab, you can use the List List, Detail Detail and ER Diagram ER Diagram buttons to change the object view. It provides strong authentication and secure encrypted communications between two hosts, known as SSH Port Forwarding (Tunneling), over an insecure network. Success consists of going from failure to failure without loss of enthusiasm. Navicat authorizes you to make connection to remote servers running on different platforms (i.e. Windows, macOS, Linux and UNIX), and supports PAM and GSSAPI authentication. I destroy my enemies when I make them my friends. If the plan doesn’t work, change the plan, but never the goal. To clear or reload various internal caches, flush tables, or acquire locks, control-click your connection in the Navigation pane and select Flush and choose the flush option. You must have the reload privilege to use this feature. To connect to a database or schema, simply double-click it in the pane. You can select any connections, objects or projects, and then select the corresponding buttons on the Information Pane. If your Internet Service Provider (ISP) does not provide direct access to its server, Secure Tunneling Protocol (SSH) / HTTP is another solution. Monitored servers include MySQL, MariaDB and SQL Server, and compatible with cloud databases like Amazon RDS, Amazon Aurora, Oracle Cloud, Google Cloud and Microsoft Azure. It is used while your ISPs do not allow direct connections, but allows establishing HTTP connections. Typically, it is employed as an encrypted version of Telnet. The Main Window consists of several toolbars and panes for you to work on connections, database objects and advanced tools. What you get by achieving your goals is not as important as what you become by achieving your goals. What you get by achieving your goals is not as important as what you become by achieving your goals. Secure Sockets Layer(SSL) is a protocol for transmitting private documents via the Internet. If it scares you, it might be a good thing to try. It is used while your ISPs do not allow direct connections, but allows establishing HTTP connections. If your Internet Service Provider (ISP) does not provide direct access to its server, Secure Tunneling Protocol (SSH) / HTTP is another solution. All the Navicat Cloud objects are located under different projects. You can share the project to other Navicat Cloud accounts for collaboration. To clear or reload various internal caches, flush tables, or acquire locks, control-click your connection in the Navigation pane and select Flush and choose the flush option. You must have the reload privilege to use this feature. Navicat Data Modeler enables you to build high-quality conceptual, logical and physical data models for a wide variety of audiences. In other words, Navicat provides the ability for data in different databases and/or schemas to be kept up-to-date so that each repository contains the same information. To clear or reload various internal caches, flush tables, or acquire locks, control-click your connection in the Navigation pane and select Flush and choose the flush option. You must have the reload privilege to use this feature. I destroy my enemies when I make them my friends. Navicat Data Modeler enables you to build high-quality conceptual, logical and physical data models for a wide variety of audiences. Secure SHell (SSH) is a program to log in into another computer over a network, execute commands on a remote server, and move files from one machine to another. Navicat Data Modeler enables you to build high-quality conceptual, logical and physical data models for a wide variety of audiences. How we spend our days is, of course, how we spend our lives. If the Show objects under schema in navigation pane option is checked at the Preferences window, all database objects are also displayed in the pane. SSH serves to prevent such vulnerabilities and allows you to access a remote server\'s shell without compromising security. If the plan doesn’t work, change the plan, but never the goal. To open a query using an external editor, control-click it and select Open with External Editor. You can set the file path of an external editor in Preferences. Navicat Monitor requires a repository to store alerts and metrics for historical analysis. It can also manage cloud databases such as Amazon Redshift, Amazon RDS, Alibaba Cloud. Features in Navicat are sophisticated enough to provide professional developers for all their specific needs, yet easy to learn for users who are new to database server. All the Navicat Cloud objects are located under different projects. You can share the project to other Navicat Cloud accounts for collaboration. Flexible settings enable you to set up a custom key for comparison and synchronization. You can select any connections, objects or projects, and then select the corresponding buttons on the Information Pane. With its well-designed Graphical User Interface(GUI), Navicat lets you quickly and easily create, organize, access and share information in a secure and easy way. To successfully establish a new connection to local/remote server - no matter via SSL or SSH, set the database login information in the General tab. It collects process metrics such as CPU load, RAM usage, and a variety of other resources over SSH/SNMP. Anyone who has never made a mistake has never tried anything new. If it scares you, it might be a good thing to try. Remember that failure is an event, not a person. Navicat provides a wide range advanced features, such as compelling code editing capabilities, smart code-completion, SQL formatting, and more. With its well-designed Graphical User Interface(GUI), Navicat lets you quickly and easily create, organize, access and share information in a secure and easy way. What you get by achieving your goals is not as important as what you become by achieving your goals. The On Startup feature allows you to control what tabs appear when you launch Navicat. Always keep your eyes open. Keep watching. Because whatever you see can inspire you. Anyone who has ever made anything of importance was disciplined. Genius is an infinite capacity for taking pains. HTTP Tunneling is a method for connecting to a server that uses the same protocol (http://) and the same port (port 80) as a web server does. Anyone who has ever made anything of importance was disciplined. It collects process metrics such as CPU load, RAM usage, and a variety of other resources over SSH/SNMP. To start working with your server in Navicat, you should first establish a connection or several connections using the Connection window.', NULL, '', '', 354, 58, 420, 216, 17);
INSERT INTO `hy_user_comments` VALUES (24, 50, 899, 268, 'To successfully establish a new connection to local/remote server - no matter via SSL, SSH or HTTP, set the database login information in the General tab. Export Wizard allows you to export data from tables, collections, views, or query results to any available formats. Navicat provides a wide range advanced features, such as compelling code editing capabilities, smart code-completion, SQL formatting, and more. Typically, it is employed as an encrypted version of Telnet. Such sessions are also susceptible to session hijacking, where a malicious user takes over your session once you have authenticated. All journeys have secret destinations of which the traveler is unaware. If opportunity doesn’t knock, build a door. Remember that failure is an event, not a person. The repository database can be an existing MySQL, MariaDB, PostgreSQL, SQL Server, or Amazon RDS instance. SQL Editor allows you to create and edit SQL text, prepare and execute selected queries. To successfully establish a new connection to local/remote server - no matter via SSL, SSH or HTTP, set the database login information in the General tab. Creativity is intelligence having fun. The first step is as good as half over. The Synchronize to Database function will give you a full picture of all database differences. Optimism is the one quality more associated with success and happiness than any other. A query is used to extract data from the database in a readable format according to the user\'s request. It is used while your ISPs do not allow direct connections, but allows establishing HTTP connections. To successfully establish a new connection to local/remote server - no matter via SSL or SSH, set the database login information in the General tab. To start working with your server in Navicat, you should first establish a connection or several connections using the Connection window. Difficult circumstances serve as a textbook of life for people. The Synchronize to Database function will give you a full picture of all database differences. SQL Editor allows you to create and edit SQL text, prepare and execute selected queries. With its well-designed Graphical User Interface(GUI), Navicat lets you quickly and easily create, organize, access and share information in a secure and easy way. All journeys have secret destinations of which the traveler is unaware. Navicat Monitor requires a repository to store alerts and metrics for historical analysis. You cannot save people, you can just love them. Actually it is just in an idea when feel oneself can achieve and cannot achieve. Such sessions are also susceptible to session hijacking, where a malicious user takes over your session once you have authenticated. Anyone who has ever made anything of importance was disciplined. All journeys have secret destinations of which the traveler is unaware. Navicat Monitor is a safe, simple and agentless remote server monitoring tool that is packed with powerful features to make your monitoring effective as possible. Navicat Monitor is a safe, simple and agentless remote server monitoring tool that is packed with powerful features to make your monitoring effective as possible. It wasn’t raining when Noah built the ark. Typically, it is employed as an encrypted version of Telnet. I may not have gone where I intended to go, but I think I have ended up where I needed to be. The first step is as good as half over. A man is not old until regrets take the place of dreams. If it scares you, it might be a good thing to try. The repository database can be an existing MySQL, MariaDB, PostgreSQL, SQL Server, or Amazon RDS instance. Navicat Monitor requires a repository to store alerts and metrics for historical analysis. Anyone who has ever made anything of importance was disciplined. How we spend our days is, of course, how we spend our lives. It collects process metrics such as CPU load, RAM usage, and a variety of other resources over SSH/SNMP. The first step is as good as half over. The first step is as good as half over. Genius is an infinite capacity for taking pains. Navicat Monitor can be installed on any local computer or virtual machine and does not require any software installation on the servers being monitored. There is no way to happiness. Happiness is the way. There is no way to happiness. Happiness is the way. A man’s best friends are his ten fingers. Instead of wondering when your next vacation is, maybe you should set up a life you don’t need to escape from. If it scares you, it might be a good thing to try. To successfully establish a new connection to local/remote server - no matter via SSL, SSH or HTTP, set the database login information in the General tab. What you get by achieving your goals is not as important as what you become by achieving your goals. Difficult circumstances serve as a textbook of life for people. The reason why a great man is great is that he resolves to be a great man. How we spend our days is, of course, how we spend our lives. There is no way to happiness. Happiness is the way. Navicat authorizes you to make connection to remote servers running on different platforms (i.e. Windows, macOS, Linux and UNIX), and supports PAM and GSSAPI authentication. HTTP Tunneling is a method for connecting to a server that uses the same protocol (http://) and the same port (port 80) as a web server does. Navicat Cloud provides a cloud service for synchronizing connections, queries, model files and virtual group information from Navicat, other Navicat family members, different machines and different platforms. A man’s best friends are his ten fingers. You will succeed because most people are lazy. In a Telnet session, all communications, including username and password, are transmitted in plain-text, allowing anyone to listen-in on your session and steal passwords and other information. A comfort zone is a beautiful place, but nothing ever grows there. Anyone who has never made a mistake has never tried anything new. Export Wizard allows you to export data from tables, collections, views, or query results to any available formats. Such sessions are also susceptible to session hijacking, where a malicious user takes over your session once you have authenticated. A comfort zone is a beautiful place, but nothing ever grows there. If the plan doesn’t work, change the plan, but never the goal. The On Startup feature allows you to control what tabs appear when you launch Navicat. You will succeed because most people are lazy. If your Internet Service Provider (ISP) does not provide direct access to its server, Secure Tunneling Protocol (SSH) / HTTP is another solution. SSH serves to prevent such vulnerabilities and allows you to access a remote server\'s shell without compromising security. I may not have gone where I intended to go, but I think I have ended up where I needed to be. Genius is an infinite capacity for taking pains. Flexible settings enable you to set up a custom key for comparison and synchronization. Navicat is a multi-connections Database Administration tool allowing you to connect to MySQL, Oracle, PostgreSQL, SQLite, SQL Server, MariaDB and/or MongoDB databases, making database administration to multiple kinds of database so easy. To clear or reload various internal caches, flush tables, or acquire locks, control-click your connection in the Navigation pane and select Flush and choose the flush option. You must have the reload privilege to use this feature. Genius is an infinite capacity for taking pains. How we spend our days is, of course, how we spend our lives. To successfully establish a new connection to local/remote server - no matter via SSL, SSH or HTTP, set the database login information in the General tab. Secure Sockets Layer(SSL) is a protocol for transmitting private documents via the Internet. Navicat authorizes you to make connection to remote servers running on different platforms (i.e. Windows, macOS, Linux and UNIX), and supports PAM and GSSAPI authentication. Navicat Monitor can be installed on any local computer or virtual machine and does not require any software installation on the servers being monitored. If you wait, all that happens is you get older. In other words, Navicat provides the ability for data in different databases and/or schemas to be kept up-to-date so that each repository contains the same information. A comfort zone is a beautiful place, but nothing ever grows there. What you get by achieving your goals is not as important as what you become by achieving your goals. A query is used to extract data from the database in a readable format according to the user\'s request. The On Startup feature allows you to control what tabs appear when you launch Navicat. Navicat Monitor requires a repository to store alerts and metrics for historical analysis. HTTP Tunneling is a method for connecting to a server that uses the same protocol (http://) and the same port (port 80) as a web server does. It can also manage cloud databases such as Amazon Redshift, Amazon RDS, Alibaba Cloud. Features in Navicat are sophisticated enough to provide professional developers for all their specific needs, yet easy to learn for users who are new to database server. To successfully establish a new connection to local/remote server - no matter via SSL or SSH, set the database login information in the General tab. SSH serves to prevent such vulnerabilities and allows you to access a remote server\'s shell without compromising security. Navicat authorizes you to make connection to remote servers running on different platforms (i.e. Windows, macOS, Linux and UNIX), and supports PAM and GSSAPI authentication. It wasn’t raining when Noah built the ark. Navicat allows you to transfer data from one database and/or schema to another with detailed analytical process. You must be the change you wish to see in the world. With its well-designed Graphical User Interface(GUI), Navicat lets you quickly and easily                  ', NULL, '', '', 109, 20, 87, 665, 954);
INSERT INTO `hy_user_comments` VALUES (25, 24, 234, 309, 'Instead of wondering when your next vacation is, maybe you should set up a life you don’t need to escape from. What you get by achieving your goals is not as important as what you become by achieving your goals. Navicat provides powerful tools for working with queries: Query Editor for editing the query text directly, and Query Builder, Find Builder or Aggregate Builder for building queries visually. Creativity is intelligence having fun. Navicat Monitor can be installed on any local computer or virtual machine and does not require any software installation on the servers being monitored. The Navigation pane employs tree structure which allows you to take action upon the database and their objects through their pop-up menus quickly and easily. You must be the change you wish to see in the world. After comparing data, the window shows the number of records that will be inserted, updated or deleted in the target. Anyone who has never made a mistake has never tried anything new. After comparing data, the window shows the number of records that will be inserted, updated or deleted in the target. Monitored servers include MySQL, MariaDB and SQL Server, and compatible with cloud databases like Amazon RDS, Amazon Aurora, Oracle Cloud, Google Cloud and Microsoft Azure. Navicat Data Modeler is a powerful and cost-effective database design tool which helps you build high-quality conceptual, logical and physical data models. To connect to a database or schema, simply double-click it in the pane. After comparing data, the window shows the number of records that will be inserted, updated or deleted in the target. It wasn’t raining when Noah built the ark. The repository database can be an existing MySQL, MariaDB, PostgreSQL, SQL Server, or Amazon RDS instance. Sometimes you win, sometimes you learn. Success consists of going from failure to failure without loss of enthusiasm. In a Telnet session, all communications, including username and password, are transmitted in plain-text, allowing anyone to listen-in on your session and steal passwords and other information. Secure Sockets Layer(SSL) is a protocol for transmitting private documents via the Internet. It is used while your ISPs do not allow direct connections, but allows establishing HTTP connections. To connect to a database or schema, simply double-click it in the pane. Typically, it is employed as an encrypted version of Telnet. Secure SHell (SSH) is a program to log in into another computer over a network, execute commands on a remote server, and move files from one machine to another. Export Wizard allows you to export data from tables, collections, views, or query results to any available formats. Anyone who has never made a mistake has never tried anything new. Remember that failure is an event, not a person. You cannot save people, you can just love them. The past has no power over the present moment. Anyone who has never made a mistake has never tried anything new. Optimism is the one quality more associated with success and happiness than any other. Navicat 15 has added support for the system-wide dark mode. All the Navicat Cloud objects are located under different projects. You can share the project to other Navicat Cloud accounts for collaboration. The first step is as good as half over. Navicat Cloud could not connect and access your databases. By which it means, it could only store your connection settings, queries, model files, and virtual group; your database passwords and data (e.g. tables, views, etc) will not be stored to Navicat Cloud. If your Internet Service Provider (ISP) does not provide direct access to its server, Secure Tunneling Protocol (SSH) / HTTP is another solution. Navicat Cloud provides a cloud service for synchronizing connections, queries, model files and virtual group information from Navicat, other Navicat family members, different machines and different platforms. It is used while your ISPs do not allow direct connections, but allows establishing HTTP connections. Flexible settings enable you to set up a custom key for comparison and synchronization. In the Objects tab, you can use the List List, Detail Detail and ER Diagram ER Diagram buttons to change the object view. Navicat is a multi-connections Database Administration tool allowing you to connect to MySQL, Oracle, PostgreSQL, SQLite, SQL Server, MariaDB and/or MongoDB databases, making database administration to multiple kinds of database so easy. Navicat authorizes you to make connection to remote servers running on different platforms (i.e. Windows, macOS, Linux and UNIX), and supports PAM and GSSAPI authentication. I destroy my enemies when I make them my friends. What you get by achieving your goals is not as important as what you become by achieving your goals. Export Wizard allows you to export data from tables, collections, views, or query results to any available formats. Anyone who has never made a mistake has never tried anything new. Export Wizard allows you to export data from tables, collections, views, or query results to any available formats.', NULL, '', '', 729, 60, 334, 414, 543);
INSERT INTO `hy_user_comments` VALUES (26, 550, 115, 260, 'In other words, Navicat provides the ability for data in different databases and/or schemas to be kept up-to-date so that each repository contains the same information. In the middle of winter I at last discovered that there was in me an invincible summer. Anyone who has never made a mistake has never tried anything new. It is used while your ISPs do not allow direct connections, but allows establishing HTTP connections. Navicat allows you to transfer data from one database and/or schema to another with detailed analytical process. How we spend our days is, of course, how we spend our lives. In a Telnet session, all communications, including username and password, are transmitted in plain-text, allowing anyone to listen-in on your session and steal passwords and other information. If the plan doesn’t work, change the plan, but never the goal. In the Objects tab, you can use the List List, Detail Detail and ER Diagram ER Diagram buttons to change the object view. Actually it is just in an idea when feel oneself can achieve and cannot achieve. To successfully establish a new connection to local/remote server - no matter via SSL, SSH or HTTP, set the database login information in the General tab. If opportunity doesn’t knock, build a door. You can select any connections, objects or projects, and then select the corresponding buttons on the Information Pane. You must be the change you wish to see in the world. Navicat provides powerful tools for working with queries: Query Editor for editing the query text directly, and Query Builder, Find Builder or Aggregate Builder for building queries visually. Navicat allows you to transfer data from one database and/or schema to another with detailed analytical process. The first step is as good as half over. To start working with your server in Navicat, you should first establish a connection or several connections using the Connection window. Secure Sockets Layer(SSL) is a protocol for transmitting private documents via the Internet. If your Internet Service Provider (ISP) does not provide direct access to its server, Secure Tunneling Protocol (SSH) / HTTP is another solution. Anyone who has never made a mistake has never tried anything new. Navicat 15 has added support for the system-wide dark mode. In the Objects tab, you can use the List List, Detail Detail and ER Diagram ER Diagram buttons to change the object view. To start working with your server in Navicat, you should first establish a connection or several connections using the Connection window. Remember that failure is an event, not a person. You can select any connections, objects or projects, and then select the corresponding buttons on the Information Pane. SQL Editor allows you to create and edit SQL text, prepare and execute selected queries. In other words, Navicat provides the ability for data in different databases and/or schemas to be kept up-to-date so that each repository contains the same information. All journeys have secret destinations of which the traveler is unaware. Navicat provides powerful tools for working with queries: Query Editor for editing the query text directly, and Query Builder, Find Builder or Aggregate Builder for building queries visually. What you get by achieving your goals is not as important as what you become by achieving your goals. Remember that failure is an event, not a person. Genius is an infinite capacity for taking pains. The Synchronize to Database function will give you a full picture of all database differences. Import Wizard allows you to import data to tables/collections from CSV, TXT, XML, DBF and more. If the plan doesn’t work, change the plan, but never the goal. If your Internet Service Provider (ISP) does not provide direct access to its server, Secure Tunneling Protocol (SSH) / HTTP is another solution. Such sessions are also susceptible to session hijacking, where a malicious user takes over your session once you have authenticated. In the middle of winter I at last discovered that there was in me an invincible summer. Such sessions are also susceptible to session hijacking, where a malicious user takes over your session once you have authenticated. Sometimes you win, sometimes you learn. A comfort zone is a beautiful place, but nothing ever grows there. To open a query using an external editor, control-click it and select Open with External Editor. You can set the file path of an external editor in Preferences. If the plan doesn’t work, change the plan, but never the goal. After comparing data, the window shows the number of records that will be inserted, updated or deleted in the target. After logged in the Navicat Cloud feature, the Navigation pane will be divided into Navicat Cloud and My Connections sections. The Main Window consists of several toolbars and panes for you to work on connections, database objects and advanced tools. Difficult circumstances serve as a textbook of life for people. If opportunity doesn’t knock, build a door. Sometimes you win, sometimes you learn. I will greet this day with love in my heart. Instead of wondering when your next vacation is, maybe you should set up a life you don’t need to escape from.', NULL, '', '', 840, 38, 225, 469, 549);
INSERT INTO `hy_user_comments` VALUES (27, 559, 916, 812, 'After logged in the Navicat Cloud feature, the Navigation pane will be divided into Navicat Cloud and My Connections sections. All the Navicat Cloud objects are located under different projects. You can share the project to other Navicat Cloud accounts for collaboration. Genius is an infinite capacity for taking pains. You must be the change you wish to see in the world. A comfort zone is a beautiful place, but nothing ever grows there. A comfort zone is a beautiful place, but nothing ever grows there. SQL Editor allows you to create and edit SQL text, prepare and execute selected queries. The past has no power over the present moment. Creativity is intelligence having fun. If opportunity doesn’t knock, build a door. You cannot save people, you can just love them. Always keep your eyes open. Keep watching. Because whatever you see can inspire you. The Navigation pane employs tree structure which allows you to take action upon the database and their objects through their pop-up menus quickly and easily. To open a query using an external editor, control-click it and select Open with External Editor. You can set the file path of an external editor in Preferences. Navicat is a multi-connections Database Administration tool allowing you to connect to MySQL, Oracle, PostgreSQL, SQLite, SQL Server, MariaDB and/or MongoDB databases, making database administration to multiple kinds of database so easy. Navicat Data Modeler is a powerful and cost-effective database design tool which helps you build high-quality conceptual, logical and physical data models. I destroy my enemies when I make them my friends. Anyone who has never made a mistake has never tried anything new. In the middle of winter I at last discovered that there was in me an invincible summer. A man is not old until regrets take the place of dreams. To successfully establish a new connection to local/remote server - no matter via SSL or SSH, set the database login information in the General tab. In the Objects tab, you can use the List List, Detail Detail and ER Diagram ER Diagram buttons to change the object view. You can select any connections, objects or projects, and then select the corresponding buttons on the Information Pane. Typically, it is employed as an encrypted version of Telnet. Flexible settings enable you to set up a custom key for comparison and synchronization. It provides strong authentication and secure encrypted communications between two hosts, known as SSH Port Forwarding (Tunneling), over an insecure network. Navicat Data Modeler enables you to build high-quality conceptual, logical and physical data models for a wide variety of audiences. Instead of wondering when your next vacation is, maybe you should set up a life you don’t need to escape from. SQL Editor allows you to create and edit SQL text, prepare and execute selected queries. It provides strong authentication and secure encrypted communications between two hosts, known as SSH Port Forwarding (Tunneling), over an insecure network. All the Navicat Cloud objects are located under different projects. You can share the project to other Navicat Cloud accounts for collaboration. If it scares you, it might be a good thing to try. In the middle of winter I at last discovered that there was in me an invincible summer. I destroy my enemies when I make them my friends. To start working with your server in Navicat, you should first establish a connection or several connections using the Connection window. To connect to a database or schema, simply double-click it in the pane. Sometimes you win, sometimes you learn. Anyone who has never made a mistake has never tried anything new. The Synchronize to Database function will give you a full picture of all database differences. After logged in the Navicat Cloud feature, the Navigation pane will be divided into Navicat Cloud and My Connections sections. I may not have gone where I intended to go, but I think I have ended up where I needed to be. If opportunity doesn’t knock, build a door. Creativity is intelligence having fun. All journeys have secret destinations of which the traveler is unaware. It collects process metrics such as CPU load, RAM usage, and a variety of other resources over SSH/SNMP. Instead of wondering when your next vacation is, maybe you should set up a life you don’t need to escape from. Import Wizard allows you to import data to tables/collections from CSV, TXT, XML, DBF and more. Secure Sockets Layer(SSL) is a protocol for transmitting private documents via the Internet. SSH serves to prevent such vulnerabilities and allows you to access a remote server\'s shell without compromising security. A comfort zone is a beautiful place, but nothing ever grows there. Navicat Data Modeler enables you to build high-quality conceptual, logical and physical data models for a wide variety of audiences. Navicat Monitor can be installed on any local computer or virtual machine and does not require any software installation on the servers being monitored. You can select any connections, objects or projects, and then select the corresponding buttons on the Information Pane. Navicat authorizes you to make connection to remote servers running on different platforms (i.e. Windows, macOS, Linux and UNIX), and supports PAM and GSSAPI authentication. You cannot save people, you can just love them. The first step is as good as half over. I will greet this day with love in my heart. You will succeed because most people are lazy. All journeys have secret destinations of which the traveler is unaware. The reason why a great man is great is that he resolves to be a great man. Success consists of going from failure to failure without loss of enthusiasm. A man’s best friends are his ten fingers. If the plan doesn’t work, change the plan, but never the goal. If your Internet Service Provider (ISP) does not provide direct access to its server, Secure Tunneling Protocol (SSH) / HTTP is another solution. Sometimes you win, sometimes you learn. If your Internet Service Provider (ISP) does not provide direct access to its server, Secure Tunneling Protocol (SSH) / HTTP is another solution. Navicat Monitor is a safe, simple and agentless remote server monitoring tool that is packed with powerful features to make your monitoring effective as possible. To successfully establish a new connection to local/remote server - no matter via SSL, SSH or HTTP, set the database login information in the General tab. Navicat Monitor requires a repository to store alerts and metrics for historical analysis. If you wait, all that happens is you get older. Navicat allows you to transfer data from one database and/or schema to another with detailed analytical process. After logged in the Navicat Cloud feature, the Navigation pane will be divided into Navicat Cloud and My Connections sections. The repository database can be an existing MySQL, MariaDB, PostgreSQL, SQL Server, or Amazon RDS instance. The Main Window consists of several toolbars and panes for you to work on connections, database objects and advanced tools. I destroy my enemies when I make them my friends. Genius is an infinite capacity for taking pains. The Navigation pane employs tree structure which allows you to take action upon the database and their objects through their pop-up menus quickly and easily. Optimism is the one quality more associated with success and happiness than any other. Navicat provides powerful tools for working with queries: Query Editor for editing the query text directly, and Query Builder, Find Builder or Aggregate Builder for building queries visually. Navicat Data Modeler enables you to build high-quality conceptual, logical and physical data models for a wide variety of audiences. A query is used to extract data from the database in a readable format according to the user\'s request. Always keep your eyes open. Keep watching. Because whatever you see can inspire you. Navicat is a multi-connections Database Administration tool allowing you to connect to MySQL, Oracle, PostgreSQL, SQLite, SQL Server, MariaDB and/or MongoDB databases, making database administration to multiple kinds of database so easy. If you wait, all that happens is you get older. It wasn’t raining when Noah built the ark. The first step is as good as half over. Anyone who has ever made anything of importance was disciplined. The Main Window consists of several toolbars and panes for you to work on connections, database objects and advanced tools.', NULL, '', '', 780, 73, 219, 585, 394);
INSERT INTO `hy_user_comments` VALUES (28, 280, 670, 621, 'Creativity is intelligence having fun. In other words, Navicat provides the ability for data in different databases and/or schemas to be kept up-to-date so that each repository contains the same information. To successfully establish a new connection to local/remote server - no matter via SSL or SSH, set the database login information in the General tab. Sometimes you win, sometimes you learn. If your Internet Service Provider (ISP) does not provide direct access to its server, Secure Tunneling Protocol (SSH) / HTTP is another solution. With its well-designed Graphical User Interface(GUI), Navicat lets you quickly and easily create, organize, access and share information in a secure and easy way. You cannot save people, you can just love them. If opportunity doesn’t knock, build a door. Such sessions are also susceptible to session hijacking, where a malicious user takes over your session once you have authenticated. What you get by achieving your goals is not as important as what you become by achieving your goals. If it scares you, it might be a good thing to try. Champions keep playing until they get it right. Navicat Cloud provides a cloud service for synchronizing connections, queries, model files and virtual group information from Navicat, other Navicat family members, different machines and different platforms. Navicat authorizes you to make connection to remote servers running on different platforms (i.e. Windows, macOS, Linux and UNIX), and supports PAM and GSSAPI authentication. If opportunity doesn’t knock, build a door. The reason why a great man is great is that he resolves to be a great man. I will greet this day with love in my heart. If opportunity doesn’t knock, build a door. A man is not old until regrets take the place of dreams. I may not have gone where I intended to go, but I think I have ended up where I needed to be. Remember that failure is an event, not a person. SSH serves to prevent such vulnerabilities and allows you to access a remote server\'s shell without compromising security. To successfully establish a new connection to local/remote server - no matter via SSL, SSH or HTTP, set the database login information in the General tab. The Navigation pane employs tree structure which allows you to take action upon the database and their objects through their pop-up menus quickly and easily. Navicat provides a wide range advanced features, such as compelling code editing capabilities, smart code-completion, SQL formatting, and more. After comparing data, the window shows the number of records that will be inserted, updated or deleted in the target. A query is used to extract data from the database in a readable format according to the user\'s request. To get a secure connection, the first thing you need to do is to install OpenSSL Library and download Database Source. It provides strong authentication and secure encrypted communications between two hosts, known as SSH Port Forwarding (Tunneling), over an insecure network. Typically, it is employed as an encrypted version of Telnet.', NULL, '', '', 820, 110, 559, 524, 585);
INSERT INTO `hy_user_comments` VALUES (29, 68, 777, 195, 'Navicat 15 has added support for the system-wide dark mode. A man’s best friends are his ten fingers. It is used while your ISPs do not allow direct connections, but allows establishing HTTP connections. Navicat is a multi-connections Database Administration tool allowing you to connect to MySQL, Oracle, PostgreSQL, SQLite, SQL Server, MariaDB and/or MongoDB databases, making database administration to multiple kinds of database so easy. A query is used to extract data from the database in a readable format according to the user\'s request. The first step is as good as half over. Secure Sockets Layer(SSL) is a protocol for transmitting private documents via the Internet. If the Show objects under schema in navigation pane option is checked at the Preferences window, all database objects are also displayed in the pane. In the middle of winter I at last discovered that there was in me an invincible summer. To get a secure connection, the first thing you need to do is to install OpenSSL Library and download Database Source. What you get by achieving your goals is not as important as what you become by achieving your goals. Navicat is a multi-connections Database Administration tool allowing you to connect to MySQL, Oracle, PostgreSQL, SQLite, SQL Server, MariaDB and/or MongoDB databases, making database administration to multiple kinds of database so easy. All the Navicat Cloud objects are located under different projects. You can share the project to other Navicat Cloud accounts for collaboration. Navicat Monitor requires a repository to store alerts and metrics for historical analysis. In a Telnet session, all communications, including username and password, are transmitted in plain-text, allowing anyone to listen-in on your session and steal passwords and other information. Navicat authorizes you to make connection to remote servers running on different platforms (i.e. Windows, macOS, Linux and UNIX), and supports PAM and GSSAPI authentication. Instead of wondering when your next vacation is, maybe you should set up a life you don’t need to escape from. If the plan doesn’t work, change the plan, but never the goal. With its well-designed Graphical User Interface(GUI), Navicat lets you quickly and easily create, organize, access and share information in a secure and easy way. It collects process metrics such as CPU load, RAM usage, and a variety of other resources over SSH/SNMP. If the plan doesn’t work, change the plan, but never the goal. In a Telnet session, all communications, including username and password, are transmitted in plain-text, allowing anyone to listen-in on your session and steal passwords and other information. Navicat Data Modeler enables you to build high-quality conceptual, logical and physical data models for a wide variety of audiences. Navicat provides powerful tools for working with queries: Query Editor for editing the query text directly, and Query Builder, Find Builder or Aggregate Builder for building queries visually. You must be the change you wish to see in the world. It provides strong authentication and secure encrypted communications between two hosts, known as SSH Port Forwarding (Tunneling), over an insecure network. To successfully establish a new connection to local/remote server - no matter via SSL or SSH, set the database login information in the General tab. Flexible settings enable you to set up a custom key for comparison and synchronization. Navicat Monitor requires a repository to store alerts and metrics for historical analysis. I destroy my enemies when I make them my friends. Navicat provides a wide range advanced features, such as compelling code editing capabilities, smart code-completion, SQL formatting, and more. If the Show objects under schema in navigation pane option is checked at the Preferences window, all database objects are also displayed in the pane. The Navigation pane employs tree structure which allows you to take action upon the database and their objects through their pop-up menus quickly and easily. Optimism is the one quality more associated with success and happiness than any other. If opportunity doesn’t knock, build a door. If the plan doesn’t work, change the plan, but never the goal. Secure Sockets Layer(SSL) is a protocol for transmitting private documents via the Internet. The repository database can be an existing MySQL, MariaDB, PostgreSQL, SQL Server, or Amazon RDS instance. You must be the change you wish to see in the world. If the Show objects under schema in navigation pane option is checked at the Preferences window, all database objects are also displayed in the pane. Monitored servers include MySQL, MariaDB and SQL Server, and compatible with cloud databases like Amazon RDS, Amazon Aurora, Oracle Cloud, Google Cloud and Microsoft Azure. If you wait, all that happens is you get older. If the Show objects under schema in navigation pane option is checked at the Preferences window, all database objects are also displayed in the pane. Navicat Monitor requires a repository to store alerts and metrics for historical analysis. To open a query using an external editor, control-click it and select Open with External Editor. You can set the file path of an external editor in Preferences. To successfully establish a new connection to local/remote server - no matter via SSL or SSH, set the database login information in the General tab. Navicat authorizes you to make connection to remote servers running on different platforms (i.e. Windows, macOS, Linux and UNIX), and supports PAM and GSSAPI authentication. The Synchronize to Database function will give you a full picture of all database differences. How we spend our days is, of course, how we spend our lives. The Information Pane shows the detailed object information, project activities, the DDL of database objects, object dependencies, membership of users/roles and preview. To connect to a database or schema, simply double-click it in the pane. Flexible settings enable you to set up a custom key for comparison and synchronization. Actually it is just in an idea when feel oneself can achieve and cannot achieve. The repository database can be an existing MySQL, MariaDB, PostgreSQL, SQL Server, or Amazon RDS instance. A man is not old until regrets take the place of dreams. In other words, Navicat provides the ability for data in different databases and/or schemas to be kept up-to-date so that each repository contains the same information. I may not have gone where I intended to go, but I think I have ended up where I needed to be. If your Internet Service Provider (ISP) does not provide direct access to its server, Secure Tunneling Protocol (SSH) / HTTP is another solution. If the Show objects under schema in navigation pane option is checked at the Preferences window, all database objects are also displayed in the pane. All journeys have secret destinations of which the traveler is unaware. To successfully establish a new connection to local/remote server - no matter via SSL or SSH, set the database login information in the General tab. There is no way to happiness. Happiness is the way. It can also manage cloud databases such as Amazon Redshift, Amazon RDS, Alibaba Cloud. Features in Navicat are sophisticated enough to provide professional developers for all their specific needs, yet easy to learn for users who are new to database server. It provides strong authentication and secure encrypted communications between two hosts, known as SSH Port Forwarding (Tunneling), over an insecure network.', NULL, '', '', 839, 41, 226, 86, 896);
INSERT INTO `hy_user_comments` VALUES (30, 152, 635, 407, 'To connect to a database or schema, simply double-click it in the pane. Secure SHell (SSH) is a program to log in into another computer over a network, execute commands on a remote server, and move files from one machine to another. Monitored servers include MySQL, MariaDB and SQL Server, and compatible with cloud databases like Amazon RDS, Amazon Aurora, Oracle Cloud, Google Cloud and Microsoft Azure. If it scares you, it might be a good thing to try. You must be the change you wish to see in the world. Actually it is just in an idea when feel oneself can achieve and cannot achieve. What you get by achieving your goals is not as important as what you become by achieving your goals. Monitored servers include MySQL, MariaDB and SQL Server, and compatible with cloud databases like Amazon RDS, Amazon Aurora, Oracle Cloud, Google Cloud and Microsoft Azure. Navicat Data Modeler enables you to build high-quality conceptual, logical and physical data models for a wide variety of audiences. In a Telnet session, all communications, including username and password, are transmitted in plain-text, allowing anyone to listen-in on your session and steal passwords and other information. The repository database can be an existing MySQL, MariaDB, PostgreSQL, SQL Server, or Amazon RDS instance. You will succeed because most people are lazy. A query is used to extract data from the database in a readable format according to the user\'s request. It provides strong authentication and secure encrypted communications between two hosts, known as SSH Port Forwarding (Tunneling), over an insecure network. The On Startup feature allows you to control what tabs appear when you launch Navicat. It wasn’t raining when Noah built the ark. To clear or reload various internal caches, flush tables, or acquire locks, control-click your connection in the Navigation pane and select Flush and choose the flush option. You must have the reload privilege to use this feature. Navicat allows you to transfer data from one database and/or schema to another with detailed analytical process. Navicat authorizes you to make connection to remote servers running on different platforms (i.e. Windows, macOS, Linux and UNIX), and supports PAM and GSSAPI authentication. Anyone who has never made a mistake has never tried anything new. Such sessions are also susceptible to session hijacking, where a malicious user takes over your session once you have authenticated. Optimism is the one quality more associated with success and happiness than any other. Secure Sockets Layer(SSL) is a protocol for transmitting private documents via the Internet. To successfully establish a new connection to local/remote server - no matter via SSL or SSH, set the database login information in the General tab. A man is not old until regrets take the place of dreams. Navicat Monitor can be installed on any local computer or virtual machine and does not require any software installation on the servers being monitored. Navicat Data Modeler enables you to build high-quality conceptual, logical and physical data models for a wide variety of audiences. What you get by achieving your goals is not as important as what you become by achieving your goals. You cannot save people, you can just love them. SSH serves to prevent such vulnerabilities and allows you to access a remote server\'s shell without compromising security. Anyone who has ever made anything of importance was disciplined. Navicat provides a wide range advanced features, such as compelling code editing capabilities, smart code-completion, SQL formatting, and more. The Main Window consists of several toolbars and panes for you to work on connections, database objects and advanced tools. The Synchronize to Database function will give you a full picture of all database differences. It can also manage cloud databases such as Amazon Redshift, Amazon RDS, Alibaba Cloud. Features in Navicat are sophisticated enough to provide professional developers for all their specific needs, yet easy to learn for users who are new to database server. It is used while your ISPs do not allow direct connections, but allows establishing HTTP connections. If the Show objects under schema in navigation pane option is checked at the Preferences window, all database objects are also displayed in the pane. Navicat Cloud provides a cloud service for synchronizing connections, queries, model files and virtual group information from Navicat, other Navicat family members, different machines and different platforms. Navicat Monitor can be installed on any local computer or virtual machine and does not require any software installation on the servers being monitored. Export Wizard allows you to export data from tables, collections, views, or query results to any available formats. The past has no power over the present moment. Monitored servers include MySQL, MariaDB and SQL Server, and compatible with cloud databases like Amazon RDS, Amazon Aurora, Oracle Cloud, Google Cloud and Microsoft Azure. A man is not old until regrets take the place of dreams. All the Navicat Cloud objects are located under different projects. You can share the project to other Navicat Cloud accounts for collaboration. The Synchronize to Database function will give you a full picture of all database differences. Navicat provides powerful tools for working with queries: Query Editor for editing the query text directly, and Query Builder, Find Builder or Aggregate Builder for building queries visually. A query is used to extract data from the database in a readable format according to the user\'s request. If opportunity doesn’t knock, build a door. In a Telnet session, all communications, including username and password, are transmitted in plain-text, allowing anyone to listen-in on your session and steal passwords and other information. Creativity is intelligence having fun. How we spend our days is, of course, how we spend our lives. Navicat Cloud provides a cloud service for synchronizing connections, queries, model files and virtual group information from Navicat, other Navicat family members, different machines and different platforms. To connect to a database or schema, simply double-click it in the pane. Optimism is the one quality more associated with success and happiness than any other. All journeys have secret destinations of which the traveler is unaware. To get a secure connection, the first thing you need to do is to install OpenSSL Library and download Database Source. Navicat provides powerful tools for working with queries: Query Editor for editing the query text directly, and Query Builder, Find Builder or Aggregate Builder for building queries visually. Navicat 15 has added support for the system-wide dark mode. The past has no power over the present moment. Instead of wondering when your next vacation is, maybe you should set up a life you don’t need to escape from. All journeys have secret destinations of which the traveler is unaware. Secure SHell (SSH) is a program to log in into another computer over a network, execute commands on a remote server, and move files from one machine to another. Navicat Data Modeler enables you to build high-quality conceptual, logical and physical data models for a wide variety of audiences. Remember that failure is an event, not a person. You must be the change you wish to see in the world. You will succeed because most people are lazy. If the plan doesn’t work, change the plan, but never the goal. Actually it is just in an idea when feel oneself can achieve and cannot achieve. Flexible settings enable you to set up a custom key for comparison and synchronization. A man is not old until regrets take the place of dreams. The Synchronize to Database function will give you a full picture of all database differences. In the Objects tab, you can use the List List, Detail Detail and ER Diagram ER Diagram buttons to change the object view. If opportunity doesn’t knock, build a door. The Synchronize to Database function will give you a full picture of all database differences. It provides strong authentication and secure encrypted communications between two hosts, known as SSH Port Forwarding (Tunneling), over an insecure network. Anyone who has never made a mistake has never tried anything new. You will succeed because most people are lazy. If the Show objects under schema in navigation pane option is checked at the Preferences window, all database objects are also displayed in the pane. If it scares you, it might be a good thing to try. To start working with your server in Navicat, you should first establish a connection or several connections using the Connection window. All the Navicat Cloud objects are located under different projects. You can share the project to other Navicat Cloud accounts for collaboration. In a Telnet session, all communications, including username and password, are transmitted in plain-text, allowing anyone to listen-in on your session and steal passwords and other information.', NULL, '', '', 485, 85, 987, 934, 355);

SET FOREIGN_KEY_CHECKS = 1;
